-0.01 ;-0.03 ;1.02 ;-21.10 ;-56.57  ;1724.51
-0.01 ;-0.03 ;1.01 ;-21.10 ;-56.60  ;1725.52
-0.01 ;-0.03 ;1.01 ;-21.11 ;-56.63  ;1726.53
-0.00 ;-0.03 ;1.01 ;-21.11 ;-56.66  ;1727.54
-0.01 ;-0.03 ;1.01 ;-21.12 ;-56.69  ;1728.56
-0.01 ;-0.03 ;1.01 ;-21.13 ;-56.73  ;1729.57
-0.01 ;-0.03 ;1.01 ;-21.13 ;-56.76  ;1730.58
-0.01 ;-0.03 ;1.01 ;-21.14 ;-56.79  ;1731.60
-0.01 ;-0.03 ;1.01 ;-21.14 ;-56.82  ;1732.61
-0.01 ;-0.03 ;1.01 ;-21.15 ;-56.85  ;1733.62
-0.01 ;-0.03 ;1.01 ;-21.16 ;-56.89  ;1734.63
-0.01 ;-0.03 ;1.01 ;-21.16 ;-56.92  ;1735.65
-0.01 ;-0.03 ;1.01 ;-21.17 ;-56.95  ;1736.66
-0.01 ;-0.03 ;1.01 ;-21.18 ;-56.98  ;1737.67
-0.01 ;-0.03 ;1.01 ;-21.18 ;-57.02  ;1738.68
-0.01 ;-0.03 ;1.01 ;-21.19 ;-57.05  ;1739.70
-0.01 ;-0.03 ;1.01 ;-21.19 ;-57.08  ;1740.71
-0.01 ;-0.03 ;1.01 ;-21.20 ;-57.11  ;1741.72
-0.01 ;-0.03 ;1.01 ;-21.20 ;-57.14  ;1742.73
-0.01 ;-0.03 ;1.01 ;-21.21 ;-57.17  ;1743.75
-0.00 ;-0.03 ;1.01 ;-21.21 ;-57.21  ;1744.76
-0.01 ;-0.03 ;1.01 ;-21.22 ;-57.24  ;1745.77
-0.01 ;-0.03 ;1.01 ;-21.23 ;-57.27  ;1746.79
-0.01 ;-0.03 ;1.01 ;-21.23 ;-57.30  ;1747.80
-0.01 ;-0.03 ;1.01 ;-21.24 ;-57.34  ;1748.81
-0.01 ;-0.03 ;1.01 ;-21.25 ;-57.37  ;1749.82
-0.01 ;-0.03 ;1.01 ;-21.25 ;-57.40  ;1750.84
-0.01 ;-0.03 ;1.01 ;-21.26 ;-57.43  ;1751.85
-0.01 ;-0.03 ;1.01 ;-21.27 ;-57.47  ;1752.86
-0.01 ;-0.03 ;1.01 ;-21.27 ;-57.50  ;1753.88
-0.00 ;-0.03 ;1.01 ;-21.28 ;-57.53  ;1754.89
-0.00 ;-0.03 ;1.01 ;-21.28 ;-57.56  ;1755.90
-0.01 ;-0.03 ;1.01 ;-21.29 ;-57.60  ;1756.92
-0.01 ;-0.03 ;1.01 ;-21.29 ;-57.63  ;1757.93
-0.01 ;-0.03 ;1.01 ;-21.30 ;-57.66  ;1758.94
-0.01 ;-0.03 ;1.01 ;-21.30 ;-57.69  ;1759.96
-0.01 ;-0.03 ;1.01 ;-21.31 ;-57.72  ;1760.97
-0.01 ;-0.03 ;1.01 ;-21.31 ;-57.75  ;1761.98
-0.01 ;-0.03 ;1.01 ;-21.32 ;-57.79  ;1762.99
-0.01 ;-0.03 ;1.01 ;-21.33 ;-57.82  ;1764.01
-0.01 ;-0.03 ;1.01 ;-21.33 ;-57.86  ;1765.02
-0.01 ;-0.03 ;1.01 ;-21.34 ;-57.89  ;1766.03
-0.01 ;-0.03 ;1.01 ;-21.35 ;-57.92  ;1767.05
-0.01 ;-0.03 ;1.01 ;-21.35 ;-57.95  ;1768.06
-0.01 ;-0.03 ;1.01 ;-21.36 ;-57.98  ;1769.07
-0.01 ;-0.03 ;1.01 ;-21.36 ;-58.01  ;1770.09
-0.01 ;-0.03 ;1.01 ;-21.37 ;-58.05  ;1771.10
-0.01 ;-0.03 ;1.01 ;-21.37 ;-58.08  ;1772.11
-0.01 ;-0.03 ;1.01 ;-21.38 ;-58.11  ;1773.13
-0.01 ;-0.03 ;1.01 ;-21.39 ;-58.15  ;1774.14
-0.01 ;-0.03 ;1.01 ;-21.39 ;-58.18  ;1775.15
-0.01 ;-0.03 ;1.01 ;-21.40 ;-58.21  ;1776.16
-0.01 ;-0.03 ;1.01 ;-21.40 ;-58.24  ;1777.18
-0.00 ;-0.03 ;1.01 ;-21.41 ;-58.27  ;1778.19
-0.01 ;-0.03 ;1.01 ;-21.41 ;-58.31  ;1779.20
-0.01 ;-0.03 ;1.01 ;-21.42 ;-58.34  ;1780.22
-0.01 ;-0.03 ;1.01 ;-21.43 ;-58.37  ;1781.23
-0.01 ;-0.03 ;1.01 ;-21.43 ;-58.40  ;1782.24
-0.01 ;-0.03 ;1.01 ;-21.44 ;-58.43  ;1783.25
-0.01 ;-0.03 ;1.01 ;-21.44 ;-58.47  ;1784.27
-0.01 ;-0.03 ;1.01 ;-21.45 ;-58.50  ;1785.28
-0.01 ;-0.03 ;1.01 ;-21.45 ;-58.53  ;1786.29
-0.01 ;-0.03 ;1.01 ;-21.46 ;-58.56  ;1787.31
-0.01 ;-0.03 ;1.01 ;-21.47 ;-58.60  ;1788.32
-0.01 ;-0.03 ;1.01 ;-21.47 ;-58.63  ;1789.33
-0.01 ;-0.03 ;1.01 ;-21.48 ;-58.66  ;1790.35
-0.01 ;-0.03 ;1.01 ;-21.48 ;-58.69  ;1791.36
-0.01 ;-0.03 ;1.01 ;-21.49 ;-58.73  ;1792.37
-0.01 ;-0.03 ;1.01 ;-21.50 ;-58.76  ;1793.39
-0.01 ;-0.03 ;1.01 ;-21.50 ;-58.79  ;1794.40
-0.01 ;-0.03 ;1.01 ;-21.51 ;-58.82  ;1795.41
-0.01 ;-0.03 ;1.01 ;-21.51 ;-58.85  ;1796.43
-0.01 ;-0.03 ;1.01 ;-21.52 ;-58.89  ;1797.44
-0.01 ;-0.03 ;1.01 ;-21.53 ;-58.92  ;1798.45
-0.01 ;-0.03 ;1.01 ;-21.53 ;-58.95  ;1799.46
-0.01 ;-0.03 ;1.01 ;-21.54 ;-58.98  ;1800.48
-0.01 ;-0.03 ;1.01 ;-21.54 ;-59.02  ;1801.49
-0.01 ;-0.03 ;1.01 ;-21.55 ;-59.05  ;1802.50
-0.01 ;-0.03 ;1.01 ;-21.56 ;-59.08  ;1803.52
-0.01 ;-0.03 ;1.01 ;-21.56 ;-59.11  ;1804.53
-0.01 ;-0.03 ;1.01 ;-21.57 ;-59.14  ;1805.54
-0.01 ;-0.03 ;1.01 ;-21.58 ;-59.18  ;1806.56
-0.01 ;-0.03 ;1.01 ;-21.58 ;-59.21  ;1807.57
-0.01 ;-0.03 ;1.01 ;-21.59 ;-59.24  ;1808.58
-0.01 ;-0.03 ;1.01 ;-21.59 ;-59.28  ;1809.59
-0.01 ;-0.03 ;1.01 ;-21.60 ;-59.31  ;1810.61
-0.01 ;-0.03 ;1.01 ;-21.60 ;-59.34  ;1811.62
-0.00 ;-0.03 ;1.01 ;-21.61 ;-59.37  ;1812.63
-0.01 ;-0.03 ;1.01 ;-21.61 ;-59.40  ;1813.65
-0.01 ;-0.03 ;1.01 ;-21.62 ;-59.44  ;1814.66
-0.01 ;-0.03 ;1.01 ;-21.63 ;-59.47  ;1815.67
-0.01 ;-0.03 ;1.01 ;-21.63 ;-59.50  ;1816.69
-0.01 ;-0.03 ;1.01 ;-21.64 ;-59.53  ;1817.70
-0.01 ;-0.03 ;1.01 ;-21.64 ;-59.57  ;1818.71
-0.01 ;-0.03 ;1.01 ;-21.65 ;-59.60  ;1819.72
-0.01 ;-0.03 ;1.01 ;-21.66 ;-59.63  ;1820.74
-0.01 ;-0.03 ;1.01 ;-21.66 ;-59.66  ;1821.75
-0.01 ;-0.03 ;1.01 ;-21.67 ;-59.70  ;1822.76
-0.01 ;-0.03 ;1.01 ;-21.67 ;-59.73  ;1823.77
-0.01 ;-0.03 ;1.01 ;-21.68 ;-59.76  ;1824.79
-0.01 ;-0.03 ;1.01 ;-21.69 ;-59.79  ;1825.80
-0.01 ;-0.03 ;1.01 ;-21.69 ;-59.82  ;1826.81
-0.01 ;-0.03 ;1.01 ;-21.70 ;-59.86  ;1827.83
-0.01 ;-0.03 ;1.01 ;-21.70 ;-59.89  ;1828.84
-0.01 ;-0.03 ;1.01 ;-21.71 ;-59.92  ;1829.86
-0.01 ;-0.03 ;1.01 ;-21.72 ;-59.95  ;1830.87
-0.01 ;-0.03 ;1.01 ;-21.72 ;-59.99  ;1831.88
-0.01 ;-0.03 ;1.01 ;-21.73 ;-60.02  ;1832.90
-0.01 ;-0.03 ;1.01 ;-21.73 ;-60.05  ;1833.91
-0.01 ;-0.03 ;1.01 ;-21.74 ;-60.08  ;1834.92
-0.01 ;-0.03 ;1.01 ;-21.75 ;-60.11  ;1835.94
-0.01 ;-0.03 ;1.01 ;-21.75 ;-60.14  ;1836.95
-0.01 ;-0.03 ;1.01 ;-21.76 ;-60.18  ;1837.96
-0.01 ;-0.03 ;1.01 ;-21.76 ;-60.21  ;1838.98
-0.01 ;-0.03 ;1.01 ;-21.77 ;-60.24  ;1839.99
-0.01 ;-0.03 ;1.01 ;-21.78 ;-60.27  ;1841.00
-0.01 ;-0.03 ;1.01 ;-21.78 ;-60.31  ;1842.02
-0.01 ;-0.03 ;1.01 ;-21.79 ;-60.34  ;1843.03
-0.01 ;-0.03 ;1.01 ;-21.79 ;-60.37  ;1844.04
-0.01 ;-0.03 ;1.01 ;-21.80 ;-60.40  ;1845.05
-0.00 ;-0.03 ;1.01 ;-21.80 ;-60.44  ;1846.07
-0.01 ;-0.03 ;1.01 ;-21.81 ;-60.47  ;1847.08
-0.01 ;-0.03 ;1.01 ;-21.82 ;-60.50  ;1848.09
-0.01 ;-0.03 ;1.01 ;-21.82 ;-60.53  ;1849.10
-0.01 ;-0.03 ;1.01 ;-21.83 ;-60.57  ;1850.12
-0.01 ;-0.03 ;1.01 ;-21.84 ;-60.60  ;1851.13
-0.01 ;-0.03 ;1.01 ;-21.84 ;-60.63  ;1852.15
-0.01 ;-0.03 ;1.01 ;-21.85 ;-60.66  ;1853.16
-0.01 ;-0.03 ;1.01 ;-21.85 ;-60.70  ;1854.17
-0.01 ;-0.03 ;1.01 ;-21.86 ;-60.73  ;1855.18
-0.01 ;-0.03 ;1.01 ;-21.86 ;-60.76  ;1856.20
-0.01 ;-0.03 ;1.01 ;-21.87 ;-60.79  ;1857.21
-0.00 ;-0.03 ;1.01 ;-21.87 ;-60.82  ;1858.22
-0.00 ;-0.03 ;1.01 ;-21.88 ;-60.86  ;1859.23
-0.01 ;-0.03 ;1.01 ;-21.88 ;-60.89  ;1860.25
-0.01 ;-0.03 ;1.01 ;-21.89 ;-60.92  ;1861.26
-0.01 ;-0.03 ;1.01 ;-21.90 ;-60.95  ;1862.27
-0.01 ;-0.03 ;1.01 ;-21.90 ;-60.99  ;1863.29
-0.01 ;-0.03 ;1.01 ;-21.91 ;-61.02  ;1864.30
-0.01 ;-0.03 ;1.01 ;-21.91 ;-61.05  ;1865.31
-0.01 ;-0.03 ;1.01 ;-21.92 ;-61.08  ;1866.32
-0.01 ;-0.03 ;1.01 ;-21.93 ;-61.11  ;1867.34
-0.01 ;-0.03 ;1.01 ;-21.93 ;-61.15  ;1868.35
-0.01 ;-0.03 ;1.01 ;-21.94 ;-61.18  ;1869.36
-0.01 ;-0.03 ;1.01 ;-21.94 ;-61.21  ;1870.37
-0.01 ;-0.03 ;1.01 ;-21.95 ;-61.24  ;1871.39
-0.01 ;-0.03 ;1.01 ;-21.95 ;-61.27  ;1872.40
-0.01 ;-0.03 ;1.01 ;-21.96 ;-61.30  ;1873.41
-0.01 ;-0.03 ;1.01 ;-21.97 ;-61.34  ;1874.43
-0.01 ;-0.03 ;1.01 ;-21.97 ;-61.37  ;1875.44
-0.01 ;-0.03 ;1.01 ;-21.98 ;-61.40  ;1876.45
-0.01 ;-0.03 ;1.01 ;-21.98 ;-61.43  ;1877.47
-0.01 ;-0.03 ;1.01 ;-21.99 ;-61.47  ;1878.48
-0.01 ;-0.03 ;1.01 ;-22.00 ;-61.50  ;1879.49
-0.01 ;-0.03 ;1.01 ;-22.00 ;-61.53  ;1880.50
-0.01 ;-0.03 ;1.01 ;-22.01 ;-61.56  ;1881.52
-0.01 ;-0.03 ;1.01 ;-22.01 ;-61.60  ;1882.53
-0.00 ;-0.03 ;1.01 ;-22.02 ;-61.63  ;1883.54
-0.00 ;-0.03 ;1.01 ;-22.02 ;-61.66  ;1884.56
-0.01 ;-0.03 ;1.01 ;-22.03 ;-61.69  ;1885.57
-0.01 ;-0.03 ;1.01 ;-22.04 ;-61.72  ;1886.58
-0.01 ;-0.03 ;1.01 ;-22.04 ;-61.76  ;1887.60
-0.01 ;-0.03 ;1.01 ;-22.05 ;-61.79  ;1888.61
-0.01 ;-0.03 ;1.01 ;-22.05 ;-61.82  ;1889.62
-0.01 ;-0.03 ;1.01 ;-22.06 ;-61.85  ;1890.64
-0.01 ;-0.03 ;1.01 ;-22.07 ;-61.89  ;1891.65
-0.01 ;-0.03 ;1.01 ;-22.07 ;-61.92  ;1892.66
-0.01 ;-0.03 ;1.01 ;-22.08 ;-61.95  ;1893.68
-0.01 ;-0.03 ;1.01 ;-22.08 ;-61.98  ;1894.69
-0.01 ;-0.03 ;1.01 ;-22.09 ;-62.01  ;1895.70
-0.01 ;-0.03 ;1.01 ;-22.10 ;-62.04  ;1896.71
-0.01 ;-0.03 ;1.01 ;-22.10 ;-62.08  ;1897.73
-0.01 ;-0.03 ;1.01 ;-22.11 ;-62.11  ;1898.74
-0.01 ;-0.03 ;1.01 ;-22.11 ;-62.14  ;1899.75
-0.00 ;-0.03 ;1.01 ;-22.12 ;-62.17  ;1900.76
-0.01 ;-0.03 ;1.01 ;-22.12 ;-62.20  ;1901.78
-0.01 ;-0.03 ;1.01 ;-22.13 ;-62.24  ;1902.79
-0.01 ;-0.03 ;1.01 ;-22.13 ;-62.27  ;1903.80
-0.01 ;-0.03 ;1.01 ;-22.14 ;-62.30  ;1904.82
-0.01 ;-0.03 ;1.01 ;-22.15 ;-62.33  ;1905.83
-0.01 ;-0.03 ;1.01 ;-22.15 ;-62.37  ;1906.84
-0.01 ;-0.03 ;1.01 ;-22.16 ;-62.40  ;1907.86
-0.01 ;-0.03 ;1.01 ;-22.16 ;-62.43  ;1908.87
-0.01 ;-0.03 ;1.01 ;-22.17 ;-62.46  ;1909.88
-0.01 ;-0.03 ;1.01 ;-22.17 ;-62.49  ;1910.89
-0.01 ;-0.03 ;1.01 ;-22.18 ;-62.53  ;1911.90
-0.01 ;-0.03 ;1.01 ;-22.18 ;-62.56  ;1912.92
-0.01 ;-0.03 ;1.01 ;-22.19 ;-62.59  ;1913.93
-0.01 ;-0.03 ;1.01 ;-22.20 ;-62.62  ;1914.94
-0.01 ;-0.03 ;1.01 ;-22.20 ;-62.66  ;1915.96
-0.01 ;-0.03 ;1.01 ;-22.21 ;-62.69  ;1916.97
-0.01 ;-0.03 ;1.01 ;-22.21 ;-62.72  ;1917.98
-0.01 ;-0.03 ;1.01 ;-22.22 ;-62.75  ;1919.00
-0.01 ;-0.03 ;1.01 ;-22.23 ;-62.79  ;1920.01
-0.01 ;-0.03 ;1.01 ;-22.23 ;-62.82  ;1921.02
-0.01 ;-0.03 ;1.01 ;-22.24 ;-62.85  ;1922.04
-0.01 ;-0.03 ;1.01 ;-22.24 ;-62.88  ;1923.05
-0.01 ;-0.03 ;1.01 ;-22.25 ;-62.91  ;1924.06
-0.01 ;-0.03 ;1.01 ;-22.25 ;-62.94  ;1925.07
-0.01 ;-0.03 ;1.01 ;-22.26 ;-62.98  ;1926.09
-0.01 ;-0.03 ;1.01 ;-22.27 ;-63.01  ;1927.10
-0.01 ;-0.03 ;1.01 ;-22.27 ;-63.04  ;1928.11
-0.01 ;-0.03 ;1.01 ;-22.28 ;-63.07  ;1929.13
-0.01 ;-0.03 ;1.01 ;-22.28 ;-63.11  ;1930.14
-0.01 ;-0.03 ;1.01 ;-22.29 ;-63.14  ;1931.15
-0.01 ;-0.03 ;1.01 ;-22.29 ;-63.17  ;1932.17
-0.01 ;-0.03 ;1.01 ;-22.30 ;-63.20  ;1933.18
-0.01 ;-0.03 ;1.01 ;-22.31 ;-63.23  ;1934.19
-0.01 ;-0.03 ;1.01 ;-22.31 ;-63.26  ;1935.20
-0.01 ;-0.03 ;1.01 ;-22.32 ;-63.30  ;1936.22
-0.00 ;-0.03 ;1.01 ;-22.32 ;-63.33  ;1937.23
-0.01 ;-0.03 ;1.01 ;-22.33 ;-63.36  ;1938.24
-0.01 ;-0.03 ;1.01 ;-22.33 ;-63.39  ;1939.25
-0.01 ;-0.03 ;1.01 ;-22.34 ;-63.42  ;1940.27
-0.01 ;-0.03 ;1.01 ;-22.34 ;-63.46  ;1941.28
-0.01 ;-0.03 ;1.01 ;-22.35 ;-63.49  ;1942.29
-0.01 ;-0.03 ;1.01 ;-22.35 ;-63.52  ;1943.31
-0.01 ;-0.03 ;1.01 ;-22.36 ;-63.55  ;1944.32
-0.01 ;-0.03 ;1.01 ;-22.37 ;-63.58  ;1945.33
-0.01 ;-0.03 ;1.01 ;-22.37 ;-63.62  ;1946.34
-0.01 ;-0.03 ;1.01 ;-22.38 ;-63.65  ;1947.36
-0.01 ;-0.03 ;1.01 ;-22.38 ;-63.68  ;1948.37
-0.01 ;-0.03 ;1.01 ;-22.39 ;-63.71  ;1949.38
-0.01 ;-0.03 ;1.01 ;-22.40 ;-63.74  ;1950.40
-0.01 ;-0.03 ;1.01 ;-22.40 ;-63.77  ;1951.41
-0.01 ;-0.03 ;1.01 ;-22.41 ;-63.81  ;1952.42
-0.01 ;-0.03 ;1.01 ;-22.41 ;-63.84  ;1953.43
-0.01 ;-0.03 ;1.01 ;-22.42 ;-63.87  ;1954.45
-0.00 ;-0.03 ;1.01 ;-22.42 ;-63.90  ;1955.46
-0.01 ;-0.03 ;1.01 ;-22.43 ;-63.93  ;1956.47
-0.01 ;-0.03 ;1.01 ;-22.43 ;-63.97  ;1957.48
-0.01 ;-0.03 ;1.01 ;-22.44 ;-64.00  ;1958.50
-0.01 ;-0.03 ;1.01 ;-22.45 ;-64.03  ;1959.51
-0.01 ;-0.03 ;1.01 ;-22.45 ;-64.06  ;1960.52
-0.01 ;-0.03 ;1.01 ;-22.46 ;-64.09  ;1961.53
-0.01 ;-0.03 ;1.01 ;-22.46 ;-64.12  ;1962.55
-0.01 ;-0.03 ;1.01 ;-22.47 ;-64.16  ;1963.56
-0.01 ;-0.03 ;1.01 ;-22.47 ;-64.19  ;1964.57
-0.01 ;-0.03 ;1.01 ;-22.48 ;-64.22  ;1965.59
-0.01 ;-0.03 ;1.01 ;-22.48 ;-64.25  ;1966.60
-0.01 ;-0.03 ;1.01 ;-22.49 ;-64.29  ;1967.61
-0.01 ;-0.03 ;1.01 ;-22.50 ;-64.32  ;1968.63
-0.01 ;-0.03 ;1.01 ;-22.50 ;-64.35  ;1969.64
-0.01 ;-0.03 ;1.01 ;-22.51 ;-64.38  ;1970.65
-0.01 ;-0.03 ;1.01 ;-22.52 ;-64.41  ;1971.66
-0.01 ;-0.03 ;1.01 ;-22.52 ;-64.45  ;1972.68
-0.01 ;-0.03 ;1.01 ;-22.53 ;-64.48  ;1973.69
-0.01 ;-0.03 ;1.01 ;-22.53 ;-64.51  ;1974.70
-0.01 ;-0.03 ;1.01 ;-22.54 ;-64.54  ;1975.71
-0.01 ;-0.03 ;1.01 ;-22.54 ;-64.58  ;1976.73
-0.01 ;-0.03 ;1.01 ;-22.55 ;-64.61  ;1977.74
-0.01 ;-0.03 ;1.01 ;-22.56 ;-64.64  ;1978.75
-0.01 ;-0.03 ;1.01 ;-22.56 ;-64.67  ;1979.77
-0.01 ;-0.03 ;1.01 ;-22.57 ;-64.71  ;1980.78
-0.01 ;-0.03 ;1.01 ;-22.57 ;-64.74  ;1981.79
-0.01 ;-0.03 ;1.01 ;-22.58 ;-64.77  ;1982.80
-0.01 ;-0.03 ;1.01 ;-22.58 ;-64.80  ;1983.82
-0.01 ;-0.03 ;1.01 ;-22.59 ;-64.83  ;1984.83
-0.01 ;-0.03 ;1.01 ;-22.60 ;-64.87  ;1985.84
-0.01 ;-0.03 ;1.01 ;-22.60 ;-64.90  ;1986.85
-0.01 ;-0.03 ;1.01 ;-22.61 ;-64.93  ;1987.87
-0.01 ;-0.03 ;1.01 ;-22.61 ;-64.96  ;1988.88
-0.01 ;-0.03 ;1.01 ;-22.62 ;-65.00  ;1989.89
-0.01 ;-0.03 ;1.01 ;-22.63 ;-65.03  ;1990.90
-0.01 ;-0.03 ;1.01 ;-22.63 ;-65.06  ;1991.92
-0.01 ;-0.03 ;1.01 ;-22.64 ;-65.09  ;1992.93
-0.01 ;-0.03 ;1.01 ;-22.64 ;-65.12  ;1993.94
-0.01 ;-0.03 ;1.01 ;-22.65 ;-65.16  ;1994.95
-0.01 ;-0.03 ;1.01 ;-22.66 ;-65.19  ;1995.97
-0.01 ;-0.03 ;1.01 ;-22.66 ;-65.22  ;1996.98
-0.01 ;-0.03 ;1.01 ;-22.67 ;-65.25  ;1997.99
-0.01 ;-0.03 ;1.01 ;-22.68 ;-65.28  ;1999.01
-0.01 ;-0.03 ;1.01 ;-22.68 ;-65.32  ;2000.02
-0.01 ;-0.03 ;1.01 ;-22.69 ;-65.35  ;2001.03
-0.01 ;-0.03 ;1.01 ;-22.69 ;-65.38  ;2002.04
-0.01 ;-0.03 ;1.01 ;-22.70 ;-65.41  ;2003.06
-0.01 ;-0.03 ;1.01 ;-22.70 ;-65.44  ;2004.07
-0.00 ;-0.03 ;1.01 ;-22.71 ;-65.48  ;2005.08
-0.01 ;-0.03 ;1.01 ;-22.71 ;-65.51  ;2006.09
-0.01 ;-0.03 ;1.01 ;-22.72 ;-65.54  ;2007.11
-0.01 ;-0.03 ;1.01 ;-22.73 ;-65.57  ;2008.12
-0.01 ;-0.03 ;1.01 ;-22.73 ;-65.60  ;2009.13
-0.01 ;-0.03 ;1.01 ;-22.74 ;-65.64  ;2010.15
-0.01 ;-0.03 ;1.01 ;-22.75 ;-65.67  ;2011.16
-0.01 ;-0.03 ;1.01 ;-22.75 ;-65.70  ;2012.17
-0.01 ;-0.03 ;1.01 ;-22.76 ;-65.73  ;2013.18
-0.01 ;-0.03 ;1.01 ;-22.76 ;-65.76  ;2014.20
-0.01 ;-0.03 ;1.01 ;-22.77 ;-65.80  ;2015.21
-0.01 ;-0.03 ;1.01 ;-22.77 ;-65.83  ;2016.22
-0.01 ;-0.03 ;1.01 ;-22.78 ;-65.86  ;2017.23
-0.01 ;-0.03 ;1.01 ;-22.79 ;-65.89  ;2018.25
-0.01 ;-0.03 ;1.01 ;-22.79 ;-65.93  ;2019.26
-0.01 ;-0.03 ;1.01 ;-22.80 ;-65.96  ;2020.27
-0.01 ;-0.03 ;1.01 ;-22.80 ;-65.99  ;2021.28
-0.01 ;-0.03 ;1.01 ;-22.81 ;-66.02  ;2022.30
-0.01 ;-0.03 ;1.01 ;-22.81 ;-66.06  ;2023.31
-0.01 ;-0.03 ;1.01 ;-22.82 ;-66.09  ;2024.32
-0.01 ;-0.03 ;1.01 ;-22.82 ;-66.12  ;2025.33
-0.01 ;-0.03 ;1.01 ;-22.83 ;-66.15  ;2026.35
-0.01 ;-0.03 ;1.01 ;-22.84 ;-66.18  ;2027.36
-0.01 ;-0.03 ;1.01 ;-22.84 ;-66.22  ;2028.37
-0.01 ;-0.03 ;1.01 ;-22.85 ;-66.25  ;2029.38
-0.01 ;-0.03 ;1.01 ;-22.85 ;-66.28  ;2030.39
-0.01 ;-0.03 ;1.01 ;-22.86 ;-66.31  ;2031.41
-0.01 ;-0.03 ;1.01 ;-22.87 ;-66.35  ;2032.42
-0.01 ;-0.03 ;1.01 ;-22.87 ;-66.38  ;2033.43
-0.01 ;-0.03 ;1.01 ;-22.88 ;-66.41  ;2034.44
-0.01 ;-0.03 ;1.01 ;-22.88 ;-66.44  ;2035.46
-0.01 ;-0.03 ;1.01 ;-22.89 ;-66.47  ;2036.47
-0.01 ;-0.03 ;1.01 ;-22.90 ;-66.51  ;2037.48
-0.01 ;-0.03 ;1.01 ;-22.90 ;-66.54  ;2038.49
-0.01 ;-0.03 ;1.01 ;-22.91 ;-66.57  ;2039.51
-0.01 ;-0.03 ;1.01 ;-22.91 ;-66.60  ;2040.52
-0.01 ;-0.03 ;1.01 ;-22.92 ;-66.63  ;2041.53
-0.01 ;-0.03 ;1.01 ;-22.93 ;-66.67  ;2042.54
-0.01 ;-0.03 ;1.01 ;-22.93 ;-66.70  ;2043.56
-0.01 ;-0.03 ;1.01 ;-22.94 ;-66.73  ;2044.57
-0.01 ;-0.03 ;1.01 ;-22.94 ;-66.76  ;2045.58
-0.01 ;-0.03 ;1.01 ;-22.95 ;-66.80  ;2046.59
-0.01 ;-0.03 ;1.01 ;-22.95 ;-66.83  ;2047.61
-0.01 ;-0.03 ;1.01 ;-22.96 ;-66.86  ;2048.62
-0.01 ;-0.03 ;1.01 ;-22.97 ;-66.89  ;2049.63
-0.01 ;-0.03 ;1.01 ;-22.97 ;-66.92  ;2050.64
-0.01 ;-0.03 ;1.01 ;-22.98 ;-66.96  ;2051.65
-0.01 ;-0.03 ;1.01 ;-22.98 ;-66.99  ;2052.67
-0.01 ;-0.03 ;1.01 ;-22.99 ;-67.02  ;2053.68
-0.01 ;-0.03 ;1.01 ;-22.99 ;-67.05  ;2054.69
-0.01 ;-0.03 ;1.01 ;-23.00 ;-67.09  ;2055.70
-0.01 ;-0.03 ;1.01 ;-23.01 ;-67.12  ;2056.72
-0.01 ;-0.03 ;1.01 ;-23.01 ;-67.15  ;2057.73
-0.01 ;-0.03 ;1.01 ;-23.02 ;-67.18  ;2058.74
-0.01 ;-0.03 ;1.01 ;-23.02 ;-67.21  ;2059.75
-0.01 ;-0.03 ;1.01 ;-23.03 ;-67.25  ;2060.77
-0.01 ;-0.03 ;1.01 ;-23.04 ;-67.28  ;2061.78
-0.01 ;-0.03 ;1.01 ;-23.04 ;-67.31  ;2062.79
-0.01 ;-0.03 ;1.01 ;-23.05 ;-67.34  ;2063.80
-0.01 ;-0.03 ;1.01 ;-23.05 ;-67.37  ;2064.81
-0.01 ;-0.03 ;1.01 ;-23.06 ;-67.41  ;2065.83
-0.01 ;-0.03 ;1.01 ;-23.06 ;-67.44  ;2066.84
-0.01 ;-0.03 ;1.01 ;-23.07 ;-67.47  ;2067.85
-0.01 ;-0.03 ;1.01 ;-23.07 ;-67.50  ;2068.86
-0.01 ;-0.03 ;1.01 ;-23.08 ;-67.54  ;2069.88
-0.01 ;-0.03 ;1.01 ;-23.09 ;-67.57  ;2070.89
-0.01 ;-0.03 ;1.01 ;-23.09 ;-67.60  ;2071.90
-0.01 ;-0.03 ;1.01 ;-23.10 ;-67.63  ;2072.91
-0.01 ;-0.03 ;1.01 ;-23.10 ;-67.67  ;2073.93
-0.01 ;-0.03 ;1.01 ;-23.11 ;-67.70  ;2074.94
-0.01 ;-0.03 ;1.01 ;-23.12 ;-67.73  ;2075.95
-0.01 ;-0.03 ;1.01 ;-23.12 ;-67.76  ;2076.97
-0.01 ;-0.03 ;1.01 ;-23.13 ;-67.79  ;2077.98
-0.01 ;-0.03 ;1.01 ;-23.13 ;-67.83  ;2078.99
-0.01 ;-0.03 ;1.01 ;-23.14 ;-67.86  ;2080.00
-0.01 ;-0.03 ;1.01 ;-23.14 ;-67.89  ;2081.02
-0.01 ;-0.03 ;1.01 ;-23.15 ;-67.92  ;2082.03
-0.01 ;-0.03 ;1.01 ;-23.16 ;-67.96  ;2083.04
-0.01 ;-0.03 ;1.01 ;-23.16 ;-67.99  ;2084.05
-0.01 ;-0.03 ;1.01 ;-23.17 ;-68.02  ;2085.07
-0.01 ;-0.03 ;1.01 ;-23.17 ;-68.05  ;2086.08
-0.01 ;-0.03 ;1.01 ;-23.18 ;-68.08  ;2087.09
-0.01 ;-0.03 ;1.01 ;-23.18 ;-68.12  ;2088.10
-0.01 ;-0.03 ;1.01 ;-23.19 ;-68.15  ;2089.12
-0.01 ;-0.03 ;1.01 ;-23.19 ;-68.18  ;2090.13
-0.01 ;-0.03 ;1.01 ;-23.20 ;-68.21  ;2091.14
-0.01 ;-0.03 ;1.01 ;-23.21 ;-68.25  ;2092.15
-0.01 ;-0.03 ;1.01 ;-23.21 ;-68.28  ;2093.17
-0.01 ;-0.03 ;1.01 ;-23.22 ;-68.31  ;2094.18
-0.01 ;-0.03 ;1.01 ;-23.23 ;-68.34  ;2095.19
-0.01 ;-0.03 ;1.01 ;-23.23 ;-68.37  ;2096.20
-0.01 ;-0.03 ;1.01 ;-23.24 ;-68.41  ;2097.22
-0.01 ;-0.03 ;1.01 ;-23.24 ;-68.44  ;2098.23
-0.01 ;-0.03 ;1.01 ;-23.25 ;-68.47  ;2099.24
-0.01 ;-0.03 ;1.01 ;-23.26 ;-68.50  ;2100.25
-0.01 ;-0.03 ;1.01 ;-23.26 ;-68.53  ;2101.27
-0.01 ;-0.03 ;1.01 ;-23.27 ;-68.57  ;2102.28
-0.01 ;-0.03 ;1.01 ;-23.28 ;-68.60  ;2103.29
-0.01 ;-0.03 ;1.01 ;-23.28 ;-68.63  ;2104.31
-0.01 ;-0.03 ;1.01 ;-23.29 ;-68.66  ;2105.32
-0.01 ;-0.03 ;1.01 ;-23.29 ;-68.70  ;2106.33
-0.01 ;-0.03 ;1.01 ;-23.30 ;-68.73  ;2107.34
-0.01 ;-0.03 ;1.01 ;-23.30 ;-68.76  ;2108.36
-0.01 ;-0.03 ;1.01 ;-23.31 ;-68.79  ;2109.37
-0.01 ;-0.03 ;1.01 ;-23.32 ;-68.83  ;2110.38
-0.01 ;-0.03 ;1.01 ;-23.32 ;-68.86  ;2111.39
-0.01 ;-0.03 ;1.01 ;-23.33 ;-68.89  ;2112.41
-0.00 ;-0.03 ;1.01 ;-23.33 ;-68.92  ;2113.42
-0.01 ;-0.03 ;1.01 ;-23.34 ;-68.95  ;2114.43
-0.01 ;-0.03 ;1.01 ;-23.34 ;-68.99  ;2115.44
-0.01 ;-0.03 ;1.01 ;-23.35 ;-69.02  ;2116.46
-0.01 ;-0.03 ;1.01 ;-23.36 ;-69.05  ;2117.47
-0.01 ;-0.03 ;1.01 ;-23.36 ;-69.08  ;2118.48
-0.01 ;-0.03 ;1.01 ;-23.37 ;-69.12  ;2119.49
-0.01 ;-0.03 ;1.01 ;-23.37 ;-69.15  ;2120.51
-0.01 ;-0.03 ;1.01 ;-23.38 ;-69.18  ;2121.52
-0.01 ;-0.03 ;1.01 ;-23.39 ;-69.21  ;2122.53
-0.01 ;-0.03 ;1.01 ;-23.39 ;-69.25  ;2123.54
-0.01 ;-0.03 ;1.01 ;-23.40 ;-69.28  ;2124.56
-0.01 ;-0.03 ;1.01 ;-23.40 ;-69.31  ;2125.57
-0.01 ;-0.03 ;1.01 ;-23.41 ;-69.34  ;2126.58
-0.01 ;-0.03 ;1.01 ;-23.41 ;-69.37  ;2127.59
-0.01 ;-0.03 ;1.01 ;-23.42 ;-69.40  ;2128.60
-0.01 ;-0.03 ;1.01 ;-23.43 ;-69.44  ;2129.62
-0.01 ;-0.03 ;1.01 ;-23.43 ;-69.47  ;2130.63
-0.01 ;-0.03 ;1.01 ;-23.44 ;-69.50  ;2131.64
-0.01 ;-0.03 ;1.01 ;-23.44 ;-69.53  ;2132.66
-0.01 ;-0.03 ;1.01 ;-23.45 ;-69.56  ;2133.67
-0.01 ;-0.03 ;1.01 ;-23.46 ;-69.60  ;2134.68
-0.01 ;-0.03 ;1.01 ;-23.46 ;-69.63  ;2135.70
-0.01 ;-0.03 ;1.01 ;-23.47 ;-69.66  ;2136.71
-0.01 ;-0.03 ;1.01 ;-23.47 ;-69.69  ;2137.72
-0.01 ;-0.03 ;1.01 ;-23.48 ;-69.73  ;2138.74
-0.01 ;-0.03 ;1.01 ;-23.49 ;-69.76  ;2139.75
-0.01 ;-0.03 ;1.01 ;-23.49 ;-69.79  ;2140.76
-0.01 ;-0.03 ;1.01 ;-23.50 ;-69.82  ;2141.77
-0.01 ;-0.03 ;1.01 ;-23.50 ;-69.85  ;2142.79
-0.01 ;-0.03 ;1.01 ;-23.51 ;-69.89  ;2143.80
-0.01 ;-0.03 ;1.01 ;-23.51 ;-69.92  ;2144.81
-0.01 ;-0.03 ;1.01 ;-23.52 ;-69.95  ;2145.82
-0.01 ;-0.03 ;1.01 ;-23.53 ;-69.98  ;2146.84
-0.01 ;-0.03 ;1.01 ;-23.53 ;-70.01  ;2147.85
-0.01 ;-0.03 ;1.01 ;-23.54 ;-70.05  ;2148.86
-0.01 ;-0.03 ;1.01 ;-23.54 ;-70.08  ;2149.88
-0.01 ;-0.03 ;1.01 ;-23.55 ;-70.11  ;2150.89
-0.01 ;-0.03 ;1.01 ;-23.55 ;-70.14  ;2151.90
-0.01 ;-0.03 ;1.01 ;-23.56 ;-70.18  ;2152.91
-0.01 ;-0.03 ;1.01 ;-23.56 ;-70.21  ;2153.92
-0.01 ;-0.03 ;1.01 ;-23.57 ;-70.24  ;2154.94
-0.01 ;-0.03 ;1.01 ;-23.58 ;-70.27  ;2155.95
-0.01 ;-0.03 ;1.01 ;-23.58 ;-70.30  ;2156.96
-0.01 ;-0.03 ;1.01 ;-23.59 ;-70.34  ;2157.98
-0.00 ;-0.03 ;1.01 ;-23.59 ;-70.37  ;2158.99
-0.01 ;-0.03 ;1.01 ;-23.60 ;-70.40  ;2160.00
-0.01 ;-0.03 ;1.01 ;-23.61 ;-70.43  ;2161.02
-0.01 ;-0.03 ;1.01 ;-23.61 ;-70.46  ;2162.03
-0.01 ;-0.03 ;1.01 ;-23.62 ;-70.50  ;2163.04
-0.01 ;-0.03 ;1.01 ;-23.62 ;-70.53  ;2164.05
-0.01 ;-0.03 ;1.01 ;-23.63 ;-70.56  ;2165.07
-0.01 ;-0.03 ;1.01 ;-23.64 ;-70.59  ;2166.08
-0.01 ;-0.03 ;1.01 ;-23.64 ;-70.63  ;2167.09
-0.01 ;-0.03 ;1.01 ;-23.65 ;-70.66  ;2168.10
-0.01 ;-0.03 ;1.01 ;-23.65 ;-70.69  ;2169.12
-0.01 ;-0.03 ;1.01 ;-23.66 ;-70.72  ;2170.13
-0.01 ;-0.03 ;1.01 ;-23.66 ;-70.76  ;2171.14
-0.01 ;-0.03 ;1.01 ;-23.67 ;-70.79  ;2172.16
-0.01 ;-0.03 ;1.01 ;-23.68 ;-70.82  ;2173.17
-0.01 ;-0.03 ;1.01 ;-23.68 ;-70.85  ;2174.18
-0.01 ;-0.03 ;1.01 ;-23.69 ;-70.89  ;2175.20
-0.01 ;-0.03 ;1.01 ;-23.69 ;-70.92  ;2176.21
-0.01 ;-0.03 ;1.01 ;-23.70 ;-70.95  ;2177.22
-0.01 ;-0.03 ;1.01 ;-23.71 ;-70.98  ;2178.24
-0.01 ;-0.03 ;1.01 ;-23.71 ;-71.02  ;2179.25
-0.01 ;-0.03 ;1.01 ;-23.72 ;-71.05  ;2180.26
-0.01 ;-0.03 ;1.01 ;-23.72 ;-71.08  ;2181.27
-0.01 ;-0.03 ;1.01 ;-23.73 ;-71.11  ;2182.29
-0.01 ;-0.03 ;1.01 ;-23.74 ;-71.15  ;2183.30
-0.01 ;-0.03 ;1.01 ;-23.74 ;-71.18  ;2184.31
-0.01 ;-0.03 ;1.01 ;-23.75 ;-71.21  ;2185.33
-0.01 ;-0.03 ;1.01 ;-23.75 ;-71.24  ;2186.34
-0.01 ;-0.03 ;1.01 ;-23.76 ;-71.27  ;2187.35
-0.01 ;-0.03 ;1.01 ;-23.77 ;-71.30  ;2188.37
-0.01 ;-0.03 ;1.01 ;-23.77 ;-71.34  ;2189.38
-0.01 ;-0.03 ;1.01 ;-23.78 ;-71.37  ;2190.39
-0.01 ;-0.03 ;1.01 ;-23.79 ;-71.40  ;2191.40
-0.01 ;-0.03 ;1.01 ;-23.79 ;-71.43  ;2192.42
-0.01 ;-0.03 ;1.01 ;-23.80 ;-71.46  ;2193.43
-0.01 ;-0.03 ;1.01 ;-23.80 ;-71.50  ;2194.44
-0.01 ;-0.03 ;1.01 ;-23.81 ;-71.53  ;2195.46
-0.01 ;-0.03 ;1.01 ;-23.81 ;-71.56  ;2196.47
-0.01 ;-0.03 ;1.01 ;-23.82 ;-71.59  ;2197.48
-0.01 ;-0.03 ;1.01 ;-23.83 ;-71.62  ;2198.49
-0.01 ;-0.03 ;1.01 ;-23.83 ;-71.66  ;2199.51
-0.01 ;-0.03 ;1.01 ;-23.84 ;-71.69  ;2200.52
-0.01 ;-0.03 ;1.01 ;-23.85 ;-71.72  ;2201.53
-0.01 ;-0.03 ;1.01 ;-23.85 ;-71.75  ;2202.55
-0.01 ;-0.03 ;1.01 ;-23.86 ;-71.79  ;2203.56
-0.01 ;-0.03 ;1.01 ;-23.86 ;-71.82  ;2204.57
-0.01 ;-0.03 ;1.01 ;-23.87 ;-71.85  ;2205.59
-0.01 ;-0.03 ;1.01 ;-23.87 ;-71.88  ;2206.60
-0.01 ;-0.03 ;1.01 ;-23.88 ;-71.92  ;2207.61
-0.01 ;-0.03 ;1.01 ;-23.88 ;-71.95  ;2208.62
-0.01 ;-0.03 ;1.01 ;-23.89 ;-71.98  ;2209.64
-0.01 ;-0.03 ;1.01 ;-23.90 ;-72.01  ;2210.65
-0.01 ;-0.03 ;1.01 ;-23.90 ;-72.04  ;2211.66
-0.01 ;-0.03 ;1.01 ;-23.91 ;-72.08  ;2212.68
-0.01 ;-0.03 ;1.01 ;-23.92 ;-72.11  ;2213.69
-0.01 ;-0.03 ;1.01 ;-23.92 ;-72.14  ;2214.70
-0.01 ;-0.03 ;1.01 ;-23.93 ;-72.17  ;2215.72
-0.01 ;-0.03 ;1.01 ;-23.93 ;-72.21  ;2216.73
-0.01 ;-0.03 ;1.01 ;-23.94 ;-72.24  ;2217.74
-0.01 ;-0.06 ;1.01 ;-23.94 ;-72.30  ;2218.75
-0.01 ;-0.03 ;1.01 ;-23.95 ;-72.33  ;2219.77
-0.01 ;-0.03 ;1.01 ;-23.95 ;-72.36  ;2220.78
-0.01 ;-0.03 ;1.01 ;-23.96 ;-72.40  ;2221.79
-0.01 ;-0.03 ;1.01 ;-23.97 ;-72.43  ;2222.81
-0.00 ;-0.03 ;1.01 ;-23.97 ;-72.46  ;2223.82
-0.01 ;-0.03 ;1.01 ;-23.98 ;-72.49  ;2224.83
-0.01 ;-0.03 ;1.01 ;-23.98 ;-72.52  ;2225.84
-0.01 ;-0.03 ;1.01 ;-23.99 ;-72.56  ;2226.86
-0.01 ;-0.03 ;1.01 ;-24.00 ;-72.59  ;2227.87
-0.01 ;-0.03 ;1.01 ;-24.00 ;-72.62  ;2228.88
-0.01 ;-0.03 ;1.01 ;-24.01 ;-72.65  ;2229.90
-0.01 ;-0.03 ;1.01 ;-24.01 ;-72.69  ;2230.91
-0.01 ;-0.03 ;1.01 ;-24.02 ;-72.72  ;2231.92
-0.01 ;-0.03 ;1.01 ;-24.02 ;-72.75  ;2232.93
-0.01 ;-0.03 ;1.01 ;-24.03 ;-72.78  ;2233.95
-0.01 ;-0.03 ;1.01 ;-24.03 ;-72.81  ;2234.96
-0.01 ;-0.03 ;1.01 ;-24.04 ;-72.85  ;2235.97
-0.01 ;-0.03 ;1.01 ;-24.05 ;-72.88  ;2236.99
-0.01 ;-0.03 ;1.01 ;-24.05 ;-72.91  ;2238.00
-0.01 ;-0.03 ;1.01 ;-24.06 ;-72.94  ;2239.01
-0.01 ;-0.03 ;1.01 ;-24.06 ;-72.97  ;2240.03
-0.01 ;-0.03 ;1.01 ;-24.07 ;-73.01  ;2241.04
-0.01 ;-0.03 ;1.01 ;-24.07 ;-73.04  ;2242.05
-0.01 ;-0.03 ;1.01 ;-24.08 ;-73.07  ;2243.07
-0.01 ;-0.03 ;1.01 ;-24.09 ;-73.10  ;2244.08
-0.01 ;-0.03 ;1.01 ;-24.09 ;-73.13  ;2245.09
-0.01 ;-0.03 ;1.01 ;-24.10 ;-73.17  ;2246.10
-0.01 ;-0.03 ;1.01 ;-24.10 ;-73.20  ;2247.12
-0.01 ;-0.03 ;1.01 ;-24.11 ;-73.23  ;2248.13
-0.01 ;-0.03 ;1.01 ;-24.11 ;-73.26  ;2249.14
-0.01 ;-0.03 ;1.01 ;-24.12 ;-73.29  ;2250.15
-0.01 ;-0.03 ;1.01 ;-24.13 ;-73.32  ;2251.17
-0.01 ;-0.03 ;1.01 ;-24.13 ;-73.36  ;2252.18
-0.01 ;-0.03 ;1.01 ;-24.14 ;-73.39  ;2253.19
-0.01 ;-0.03 ;1.01 ;-24.15 ;-73.42  ;2254.20
-0.01 ;-0.03 ;1.01 ;-24.15 ;-73.45  ;2255.22
-0.01 ;-0.03 ;1.01 ;-24.16 ;-73.49  ;2256.23
-0.01 ;-0.03 ;1.01 ;-24.16 ;-73.52  ;2257.24
-0.01 ;-0.03 ;1.01 ;-24.17 ;-73.55  ;2258.26
-0.01 ;-0.03 ;1.01 ;-24.18 ;-73.58  ;2259.27
-0.01 ;-0.03 ;1.01 ;-24.18 ;-73.62  ;2260.28
-0.01 ;-0.03 ;1.01 ;-24.19 ;-73.65  ;2261.30
-0.01 ;-0.03 ;1.01 ;-24.19 ;-73.68  ;2262.31
-0.01 ;-0.03 ;1.01 ;-24.20 ;-73.71  ;2263.32
-0.01 ;-0.03 ;1.01 ;-24.21 ;-73.74  ;2264.33
-0.01 ;-0.03 ;1.01 ;-24.21 ;-73.77  ;2265.35
-0.01 ;-0.03 ;1.01 ;-24.22 ;-73.81  ;2266.36
-0.01 ;-0.03 ;1.01 ;-24.22 ;-73.84  ;2267.37
-0.01 ;-0.03 ;1.01 ;-24.23 ;-73.87  ;2268.39
-0.01 ;-0.03 ;1.01 ;-24.23 ;-73.90  ;2269.40
-0.01 ;-0.03 ;1.01 ;-24.24 ;-73.94  ;2270.41
-0.01 ;-0.03 ;1.01 ;-24.25 ;-73.97  ;2271.43
-0.01 ;-0.03 ;1.01 ;-24.25 ;-74.00  ;2272.44
-0.01 ;-0.03 ;1.01 ;-24.26 ;-74.03  ;2273.45
-0.01 ;-0.03 ;1.01 ;-24.26 ;-74.07  ;2274.47
-0.01 ;-0.03 ;1.01 ;-24.27 ;-74.10  ;2275.48
-0.01 ;-0.03 ;1.01 ;-24.28 ;-74.13  ;2276.49
-0.01 ;-0.03 ;1.01 ;-24.28 ;-74.16  ;2277.50
-0.01 ;-0.03 ;1.01 ;-24.29 ;-74.19  ;2278.52
-0.01 ;-0.03 ;1.01 ;-24.29 ;-74.23  ;2279.53
-0.01 ;-0.03 ;1.01 ;-24.30 ;-74.26  ;2280.54
-0.01 ;-0.03 ;1.01 ;-24.30 ;-74.29  ;2281.55
-0.01 ;-0.03 ;1.01 ;-24.31 ;-74.32  ;2282.57
-0.01 ;-0.03 ;1.01 ;-24.32 ;-74.35  ;2283.58
-0.01 ;-0.03 ;1.01 ;-24.32 ;-74.39  ;2284.59
-0.01 ;-0.03 ;1.01 ;-24.33 ;-74.42  ;2285.60
-0.01 ;-0.03 ;1.01 ;-24.33 ;-74.45  ;2286.62
-0.01 ;-0.03 ;1.01 ;-24.34 ;-74.48  ;2287.63
-0.01 ;-0.03 ;1.01 ;-24.35 ;-74.51  ;2288.64
-0.01 ;-0.03 ;1.01 ;-24.35 ;-74.55  ;2289.66
-0.01 ;-0.03 ;1.01 ;-24.36 ;-74.58  ;2290.67
-0.01 ;-0.03 ;1.01 ;-24.36 ;-74.61  ;2291.68
-0.01 ;-0.03 ;1.01 ;-24.37 ;-74.64  ;2292.70
-0.01 ;-0.03 ;1.01 ;-24.38 ;-74.67  ;2293.71
-0.01 ;-0.03 ;1.01 ;-24.38 ;-74.71  ;2294.72
-0.01 ;-0.03 ;1.01 ;-24.39 ;-74.74  ;2295.73
-0.01 ;-0.03 ;1.01 ;-24.39 ;-74.77  ;2296.75
-0.01 ;-0.03 ;1.01 ;-24.40 ;-74.80  ;2297.76
-0.01 ;-0.03 ;1.01 ;-24.41 ;-74.84  ;2298.77
-0.01 ;-0.03 ;1.01 ;-24.41 ;-74.87  ;2299.78
-0.01 ;-0.03 ;1.01 ;-24.42 ;-74.90  ;2300.80
-0.01 ;-0.03 ;1.01 ;-24.42 ;-74.93  ;2301.81
-0.01 ;-0.03 ;1.01 ;-24.43 ;-74.97  ;2302.82
-0.01 ;-0.03 ;1.01 ;-24.44 ;-75.00  ;2303.83
-0.01 ;-0.03 ;1.01 ;-24.44 ;-75.03  ;2304.85
-0.01 ;-0.03 ;1.01 ;-24.45 ;-75.06  ;2305.86
-0.01 ;-0.03 ;1.01 ;-24.45 ;-75.09  ;2306.87
-0.01 ;-0.03 ;1.01 ;-24.46 ;-75.13  ;2307.89
-0.01 ;-0.03 ;1.01 ;-24.46 ;-75.16  ;2308.90
-0.01 ;-0.03 ;1.01 ;-24.47 ;-75.19  ;2309.91
-0.01 ;-0.03 ;1.01 ;-24.47 ;-75.22  ;2310.92
-0.01 ;-0.03 ;1.01 ;-24.48 ;-75.26  ;2311.94
-0.01 ;-0.03 ;1.01 ;-24.49 ;-75.29  ;2312.95
-0.01 ;-0.03 ;1.01 ;-24.49 ;-75.32  ;2313.96
-0.01 ;-0.03 ;1.01 ;-24.50 ;-75.35  ;2314.97
-0.01 ;-0.03 ;1.01 ;-24.50 ;-75.38  ;2315.99
-0.01 ;-0.03 ;1.01 ;-24.51 ;-75.41  ;2317.00
-0.01 ;-0.03 ;1.01 ;-24.51 ;-75.45  ;2318.01
-0.01 ;-0.03 ;1.01 ;-24.52 ;-75.48  ;2319.02
-0.01 ;-0.03 ;1.01 ;-24.53 ;-75.51  ;2320.04
-0.01 ;-0.03 ;1.01 ;-24.53 ;-75.54  ;2321.05
-0.01 ;-0.03 ;1.01 ;-24.54 ;-75.57  ;2322.06
-0.01 ;-0.03 ;1.01 ;-24.54 ;-75.61  ;2323.08
-0.01 ;-0.03 ;1.01 ;-24.55 ;-75.64  ;2324.09
-0.00 ;-0.03 ;1.01 ;-24.55 ;-75.67  ;2325.10
-0.01 ;-0.03 ;1.01 ;-24.56 ;-75.70  ;2326.12
-0.01 ;-0.03 ;1.01 ;-24.57 ;-75.74  ;2327.13
-0.01 ;-0.03 ;1.01 ;-24.57 ;-75.77  ;2328.14
-0.01 ;-0.03 ;1.01 ;-24.58 ;-75.80  ;2329.16
-0.01 ;-0.03 ;1.01 ;-24.58 ;-75.83  ;2330.17
-0.01 ;-0.03 ;1.01 ;-24.59 ;-75.86  ;2331.18
-0.01 ;-0.03 ;1.01 ;-24.59 ;-75.90  ;2332.19
-0.01 ;-0.03 ;1.01 ;-24.60 ;-75.93  ;2333.21
-0.01 ;-0.03 ;1.01 ;-24.61 ;-75.96  ;2334.22
-0.01 ;-0.03 ;1.01 ;-24.61 ;-75.99  ;2335.23
-0.01 ;-0.03 ;1.01 ;-24.62 ;-76.02  ;2336.25
-0.01 ;-0.03 ;1.01 ;-24.62 ;-76.06  ;2337.26
-0.01 ;-0.03 ;1.01 ;-24.63 ;-76.09  ;2338.27
-0.01 ;-0.03 ;1.01 ;-24.64 ;-76.12  ;2339.28
-0.01 ;-0.03 ;1.01 ;-24.64 ;-76.16  ;2340.30
-0.01 ;-0.03 ;1.01 ;-24.65 ;-76.19  ;2341.31
-0.01 ;-0.03 ;1.01 ;-24.65 ;-76.22  ;2342.32
-0.01 ;-0.03 ;1.01 ;-24.66 ;-76.25  ;2343.33
-0.01 ;-0.03 ;1.01 ;-24.66 ;-76.28  ;2344.35
-0.01 ;-0.03 ;1.01 ;-24.67 ;-76.32  ;2345.36
-0.01 ;-0.03 ;1.01 ;-24.68 ;-76.35  ;2346.37
-0.01 ;-0.03 ;1.01 ;-24.68 ;-76.38  ;2347.39
-0.01 ;-0.03 ;1.01 ;-24.69 ;-76.41  ;2348.40
-0.01 ;-0.03 ;1.01 ;-24.69 ;-76.45  ;2349.41
-0.01 ;-0.03 ;1.01 ;-24.70 ;-76.48  ;2350.42
-0.01 ;-0.03 ;1.01 ;-24.71 ;-76.51  ;2351.44
-0.01 ;-0.03 ;1.01 ;-24.71 ;-76.54  ;2352.45
-0.01 ;-0.03 ;1.01 ;-24.72 ;-76.57  ;2353.46
-0.01 ;-0.03 ;1.01 ;-24.72 ;-76.61  ;2354.48
-0.01 ;-0.03 ;1.01 ;-24.73 ;-76.64  ;2355.49
-0.01 ;-0.03 ;1.01 ;-24.73 ;-76.67  ;2356.50
-0.01 ;-0.03 ;1.01 ;-24.74 ;-76.70  ;2357.51
-0.01 ;-0.03 ;1.01 ;-24.75 ;-76.73  ;2358.53
-0.01 ;-0.03 ;1.01 ;-24.75 ;-76.77  ;2359.54
-0.00 ;-0.03 ;1.01 ;-24.76 ;-76.80  ;2360.55
-0.01 ;-0.03 ;1.01 ;-24.76 ;-76.83  ;2361.57
-0.01 ;-0.03 ;1.01 ;-24.77 ;-76.86  ;2362.58
-0.01 ;-0.03 ;1.01 ;-24.77 ;-76.90  ;2363.59
-0.01 ;-0.03 ;1.01 ;-24.78 ;-76.93  ;2364.61
-0.01 ;-0.03 ;1.01 ;-24.79 ;-76.96  ;2365.62
-0.01 ;-0.03 ;1.01 ;-24.79 ;-76.99  ;2366.63
-0.01 ;-0.03 ;1.01 ;-24.80 ;-77.03  ;2367.65
-0.01 ;-0.03 ;1.01 ;-24.80 ;-77.06  ;2368.66
-0.01 ;-0.03 ;1.01 ;-24.81 ;-77.09  ;2369.67
-0.01 ;-0.03 ;1.01 ;-24.81 ;-77.12  ;2370.69
-0.01 ;-0.03 ;1.01 ;-24.82 ;-77.16  ;2371.70
-0.01 ;-0.03 ;1.01 ;-24.83 ;-77.19  ;2372.71
-0.01 ;-0.03 ;1.01 ;-24.83 ;-77.22  ;2373.72
-0.01 ;-0.03 ;1.01 ;-24.84 ;-77.25  ;2374.74
-0.01 ;-0.03 ;1.01 ;-24.84 ;-77.29  ;2375.75
-0.01 ;-0.03 ;1.01 ;-24.85 ;-77.32  ;2376.76
-0.01 ;-0.03 ;1.01 ;-24.86 ;-77.35  ;2377.78
-0.01 ;-0.03 ;1.01 ;-24.86 ;-77.38  ;2378.79
-0.01 ;-0.03 ;1.01 ;-24.87 ;-77.42  ;2379.80
-0.01 ;-0.03 ;1.01 ;-24.88 ;-77.45  ;2380.81
-0.01 ;-0.03 ;1.01 ;-24.88 ;-77.48  ;2381.83
-0.01 ;-0.03 ;1.01 ;-24.89 ;-77.51  ;2382.84
-0.01 ;-0.03 ;1.01 ;-24.89 ;-77.55  ;2383.85
-0.01 ;-0.03 ;1.01 ;-24.90 ;-77.58  ;2384.87
-0.01 ;-0.03 ;1.01 ;-24.90 ;-77.61  ;2385.88
-0.01 ;-0.03 ;1.01 ;-24.91 ;-77.64  ;2386.89
-0.01 ;-0.03 ;1.01 ;-24.91 ;-77.67  ;2387.90
-0.01 ;-0.03 ;1.01 ;-24.92 ;-77.71  ;2388.92
-0.01 ;-0.03 ;1.01 ;-24.93 ;-77.74  ;2389.93
-0.01 ;-0.03 ;1.01 ;-24.93 ;-77.77  ;2390.94
-0.01 ;-0.03 ;1.01 ;-24.94 ;-77.80  ;2391.96
-0.01 ;-0.03 ;1.01 ;-24.94 ;-77.83  ;2392.97
-0.01 ;-0.03 ;1.01 ;-24.95 ;-77.86  ;2393.98
-0.01 ;-0.03 ;1.01 ;-24.95 ;-77.90  ;2395.00
-0.01 ;-0.03 ;1.01 ;-24.96 ;-77.93  ;2396.01
-0.01 ;-0.03 ;1.01 ;-24.97 ;-77.96  ;2397.02
-0.01 ;-0.03 ;1.01 ;-24.97 ;-77.99  ;2398.04
-0.01 ;-0.03 ;1.01 ;-24.98 ;-78.02  ;2399.05
-0.01 ;-0.03 ;1.01 ;-24.98 ;-78.05  ;2400.06
-0.01 ;-0.03 ;1.01 ;-24.99 ;-78.09  ;2401.07
-0.01 ;-0.03 ;1.01 ;-25.00 ;-78.12  ;2402.09
-0.01 ;-0.03 ;1.01 ;-25.00 ;-78.15  ;2403.10
-0.01 ;-0.03 ;1.01 ;-25.01 ;-78.18  ;2404.11
-0.00 ;-0.03 ;1.01 ;-25.01 ;-78.22  ;2405.13
-0.01 ;-0.03 ;1.01 ;-25.02 ;-78.25  ;2406.14
-0.01 ;-0.03 ;1.01 ;-25.03 ;-78.28  ;2407.15
-0.01 ;-0.03 ;1.01 ;-25.03 ;-78.31  ;2408.16
-0.01 ;-0.03 ;1.01 ;-25.04 ;-78.34  ;2409.17
-0.01 ;-0.03 ;1.01 ;-25.04 ;-78.38  ;2410.19
-0.01 ;-0.03 ;1.01 ;-25.05 ;-78.41  ;2411.20
-0.01 ;-0.03 ;1.01 ;-25.05 ;-78.44  ;2412.21
-0.01 ;-0.03 ;1.01 ;-25.06 ;-78.47  ;2413.23
-0.01 ;-0.03 ;1.01 ;-25.07 ;-78.51  ;2414.24
-0.01 ;-0.03 ;1.01 ;-25.07 ;-78.54  ;2415.25
-0.01 ;-0.03 ;1.01 ;-25.08 ;-78.57  ;2416.27
-0.01 ;-0.03 ;1.01 ;-25.08 ;-78.60  ;2417.28
-0.01 ;-0.03 ;1.01 ;-25.09 ;-78.63  ;2418.29
-0.01 ;-0.03 ;1.01 ;-25.10 ;-78.67  ;2419.30
-0.01 ;-0.03 ;1.01 ;-25.10 ;-78.70  ;2420.32
-0.01 ;-0.03 ;1.01 ;-25.11 ;-78.73  ;2421.33
-0.01 ;-0.03 ;1.01 ;-25.11 ;-78.76  ;2422.34
-0.01 ;-0.03 ;1.01 ;-25.12 ;-78.80  ;2423.35
-0.01 ;-0.03 ;1.01 ;-25.12 ;-78.83  ;2424.37
-0.01 ;-0.03 ;1.01 ;-25.13 ;-78.86  ;2425.38
-0.01 ;-0.03 ;1.01 ;-25.14 ;-78.89  ;2426.39
-0.01 ;-0.03 ;1.01 ;-25.14 ;-78.92  ;2427.41
-0.01 ;-0.03 ;1.01 ;-25.15 ;-78.96  ;2428.42
-0.01 ;-0.03 ;1.01 ;-25.15 ;-78.99  ;2429.43
-0.01 ;-0.03 ;1.01 ;-25.16 ;-79.02  ;2430.44
-0.00 ;-0.03 ;1.01 ;-25.16 ;-79.05  ;2431.46
-0.01 ;-0.03 ;1.01 ;-25.17 ;-79.08  ;2432.47
-0.01 ;-0.03 ;1.01 ;-25.17 ;-79.12  ;2433.48
-0.01 ;-0.03 ;1.01 ;-25.18 ;-79.15  ;2434.50
-0.01 ;-0.03 ;1.01 ;-25.19 ;-79.18  ;2435.51
-0.01 ;-0.03 ;1.01 ;-25.19 ;-79.21  ;2436.52
-0.01 ;-0.03 ;1.01 ;-25.20 ;-79.24  ;2437.53
-0.01 ;-0.03 ;1.01 ;-25.20 ;-79.27  ;2438.55
-0.01 ;-0.03 ;1.01 ;-25.21 ;-79.31  ;2439.56
-0.01 ;-0.03 ;1.01 ;-25.21 ;-79.34  ;2440.57
-0.01 ;-0.03 ;1.01 ;-25.22 ;-79.37  ;2441.59
-0.01 ;-0.03 ;1.01 ;-25.22 ;-79.40  ;2442.60
-0.01 ;-0.03 ;1.01 ;-25.23 ;-79.44  ;2443.61
-0.01 ;-0.03 ;1.01 ;-25.24 ;-79.47  ;2444.62
-0.01 ;-0.03 ;1.01 ;-25.24 ;-79.50  ;2445.64
-0.01 ;-0.03 ;1.01 ;-25.25 ;-79.53  ;2446.65
-0.01 ;-0.03 ;1.01 ;-25.25 ;-79.56  ;2447.66
-0.01 ;-0.03 ;1.01 ;-25.26 ;-79.60  ;2448.67
-0.01 ;-0.03 ;1.01 ;-25.27 ;-79.63  ;2449.69
-0.01 ;-0.03 ;1.01 ;-25.27 ;-79.66  ;2450.70
-0.01 ;-0.03 ;1.01 ;-25.28 ;-79.69  ;2451.71
-0.01 ;-0.03 ;1.01 ;-25.28 ;-79.72  ;2452.73
-0.01 ;-0.03 ;1.01 ;-25.29 ;-79.76  ;2453.74
-0.01 ;-0.03 ;1.01 ;-25.29 ;-79.79  ;2454.75
-0.01 ;-0.03 ;1.01 ;-25.30 ;-79.82  ;2455.77
-0.01 ;-0.03 ;1.01 ;-25.30 ;-79.85  ;2456.78
-0.01 ;-0.03 ;1.01 ;-25.31 ;-79.89  ;2457.79
-0.01 ;-0.03 ;1.01 ;-25.32 ;-79.92  ;2458.80
-0.01 ;-0.03 ;1.01 ;-25.32 ;-79.95  ;2459.82
-0.01 ;-0.03 ;1.01 ;-25.33 ;-79.98  ;2460.83
-0.01 ;-0.03 ;1.01 ;-25.33 ;-80.01  ;2461.84
-0.01 ;-0.03 ;1.01 ;-25.34 ;-80.05  ;2462.85
-0.01 ;-0.03 ;1.01 ;-25.35 ;-80.08  ;2463.87
-0.01 ;-0.03 ;1.01 ;-25.35 ;-80.11  ;2464.88
-0.01 ;-0.03 ;1.01 ;-25.36 ;-80.14  ;2465.89
-0.01 ;-0.03 ;1.01 ;-25.36 ;-80.18  ;2466.90
-0.01 ;-0.03 ;1.01 ;-25.37 ;-80.21  ;2467.92
-0.01 ;-0.03 ;1.01 ;-25.38 ;-80.24  ;2468.93
-0.01 ;-0.03 ;1.01 ;-25.38 ;-80.27  ;2469.94
-0.01 ;-0.03 ;1.01 ;-25.39 ;-80.31  ;2470.95
-0.01 ;-0.03 ;1.01 ;-25.39 ;-80.34  ;2471.97
-0.01 ;-0.03 ;1.01 ;-25.40 ;-80.37  ;2472.98
-0.01 ;-0.03 ;1.01 ;-25.41 ;-80.40  ;2473.99
-0.01 ;-0.03 ;1.01 ;-25.41 ;-80.43  ;2475.01
-0.01 ;-0.03 ;1.01 ;-25.42 ;-80.47  ;2476.02
-0.01 ;-0.03 ;1.01 ;-25.42 ;-80.50  ;2477.03
-0.01 ;-0.03 ;1.01 ;-25.43 ;-80.53  ;2478.04
-0.01 ;-0.03 ;1.01 ;-25.44 ;-80.56  ;2479.06
-0.01 ;-0.03 ;1.01 ;-25.44 ;-80.60  ;2480.07
-0.01 ;-0.03 ;1.01 ;-25.45 ;-80.63  ;2481.08
-0.01 ;-0.03 ;1.01 ;-25.45 ;-80.66  ;2482.10
-0.01 ;-0.03 ;1.01 ;-25.46 ;-80.69  ;2483.11
-0.01 ;-0.03 ;1.01 ;-25.47 ;-80.72  ;2484.12
-0.01 ;-0.03 ;1.01 ;-25.47 ;-80.76  ;2485.13
-0.01 ;-0.03 ;1.01 ;-25.48 ;-80.79  ;2486.14
-0.01 ;-0.03 ;1.01 ;-25.48 ;-80.82  ;2487.16
-0.01 ;-0.03 ;1.01 ;-25.49 ;-80.85  ;2488.17
-0.01 ;-0.03 ;1.01 ;-25.49 ;-80.89  ;2489.18
-0.01 ;-0.03 ;1.01 ;-25.50 ;-80.92  ;2490.20
-0.01 ;-0.03 ;1.01 ;-25.51 ;-80.95  ;2491.21
-0.01 ;-0.03 ;1.01 ;-25.51 ;-80.98  ;2492.22
-0.01 ;-0.03 ;1.01 ;-25.52 ;-81.01  ;2493.23
-0.01 ;-0.03 ;1.01 ;-25.52 ;-81.05  ;2494.24
-0.01 ;-0.03 ;1.01 ;-25.53 ;-81.08  ;2495.26
-0.01 ;-0.03 ;1.01 ;-25.54 ;-81.11  ;2496.27
-0.01 ;-0.03 ;1.01 ;-25.54 ;-81.14  ;2497.28
-0.01 ;-0.03 ;1.01 ;-25.55 ;-81.18  ;2498.30
-0.01 ;-0.03 ;1.01 ;-25.55 ;-81.21  ;2499.31
-0.01 ;-0.03 ;1.01 ;-25.56 ;-81.24  ;2500.32
-0.01 ;-0.03 ;1.01 ;-25.56 ;-81.27  ;2501.33
-0.01 ;-0.03 ;1.01 ;-25.57 ;-81.30  ;2502.35
-0.01 ;-0.03 ;1.01 ;-25.58 ;-81.34  ;2503.36
-0.01 ;-0.03 ;1.01 ;-25.58 ;-81.37  ;2504.37
-0.01 ;-0.03 ;1.01 ;-25.59 ;-81.40  ;2505.38
-0.01 ;-0.03 ;1.01 ;-25.59 ;-81.43  ;2506.40
-0.01 ;-0.03 ;1.01 ;-25.60 ;-81.47  ;2507.41
-0.01 ;-0.03 ;1.01 ;-25.61 ;-81.50  ;2508.42
-0.01 ;-0.03 ;1.01 ;-25.61 ;-81.53  ;2509.44
-0.01 ;-0.03 ;1.01 ;-25.62 ;-81.56  ;2510.45
-0.01 ;-0.03 ;1.01 ;-25.62 ;-81.60  ;2511.46
-0.01 ;-0.03 ;1.01 ;-25.63 ;-81.63  ;2512.47
-0.01 ;-0.03 ;1.01 ;-25.64 ;-81.66  ;2513.49
-0.01 ;-0.03 ;1.01 ;-25.64 ;-81.69  ;2514.50
-0.01 ;-0.03 ;1.01 ;-25.65 ;-81.73  ;2515.51
-0.01 ;-0.03 ;1.01 ;-25.65 ;-81.76  ;2516.52
-0.01 ;-0.03 ;1.01 ;-25.66 ;-81.79  ;2517.54
-0.01 ;-0.03 ;1.01 ;-25.67 ;-81.82  ;2518.55
-0.01 ;-0.03 ;1.01 ;-25.67 ;-81.85  ;2519.56
-0.01 ;-0.03 ;1.01 ;-25.68 ;-81.89  ;2520.58
-0.01 ;-0.03 ;1.01 ;-25.68 ;-81.92  ;2521.59
-0.01 ;-0.03 ;1.01 ;-25.69 ;-81.95  ;2522.60
-0.01 ;-0.03 ;1.01 ;-25.69 ;-81.98  ;2523.61
-0.01 ;-0.03 ;1.01 ;-25.70 ;-82.02  ;2524.62
-0.01 ;-0.03 ;1.01 ;-25.71 ;-82.05  ;2525.64
-0.01 ;-0.03 ;1.01 ;-25.71 ;-82.08  ;2526.65
-0.01 ;-0.03 ;1.01 ;-25.72 ;-82.11  ;2527.66
-0.01 ;-0.03 ;1.01 ;-25.72 ;-82.14  ;2528.67
-0.01 ;-0.03 ;1.01 ;-25.73 ;-82.18  ;2529.69
-0.01 ;-0.03 ;1.01 ;-25.74 ;-82.21  ;2530.70
-0.01 ;-0.03 ;1.01 ;-25.74 ;-82.24  ;2531.71
-0.01 ;-0.03 ;1.01 ;-25.75 ;-82.27  ;2532.72
-0.01 ;-0.03 ;1.01 ;-25.75 ;-82.30  ;2533.74
-0.01 ;-0.03 ;1.01 ;-25.76 ;-82.34  ;2534.75
-0.01 ;-0.03 ;1.01 ;-25.76 ;-82.37  ;2535.76
-0.01 ;-0.03 ;1.01 ;-25.77 ;-82.40  ;2536.77
-0.01 ;-0.03 ;1.01 ;-25.78 ;-82.43  ;2537.79
-0.01 ;-0.03 ;1.01 ;-25.78 ;-82.46  ;2538.80
-0.01 ;-0.03 ;1.01 ;-25.79 ;-82.50  ;2539.81
-0.01 ;-0.03 ;1.01 ;-25.80 ;-82.53  ;2540.82
-0.01 ;-0.03 ;1.01 ;-25.80 ;-82.56  ;2541.84
-0.01 ;-0.03 ;1.01 ;-25.81 ;-82.59  ;2542.85
-0.01 ;-0.03 ;1.01 ;-25.81 ;-82.63  ;2543.86
-0.01 ;-0.03 ;1.01 ;-25.82 ;-82.66  ;2544.87
-0.01 ;-0.03 ;1.01 ;-25.83 ;-82.69  ;2545.89
-0.01 ;-0.03 ;1.01 ;-25.83 ;-82.72  ;2546.90
-0.01 ;-0.03 ;1.01 ;-25.84 ;-82.75  ;2547.91
-0.01 ;-0.03 ;1.01 ;-25.84 ;-82.79  ;2548.92
-0.01 ;-0.03 ;1.01 ;-25.85 ;-82.82  ;2549.94
-0.01 ;-0.03 ;1.01 ;-25.86 ;-82.85  ;2550.95
-0.01 ;-0.03 ;1.01 ;-25.86 ;-82.88  ;2551.96
-0.01 ;-0.03 ;1.01 ;-25.87 ;-82.92  ;2552.97
-0.01 ;-0.03 ;1.01 ;-25.87 ;-82.95  ;2553.99
-0.01 ;-0.03 ;1.01 ;-25.88 ;-82.98  ;2555.00
-0.01 ;-0.03 ;1.01 ;-25.88 ;-83.01  ;2556.01
-0.01 ;-0.03 ;1.01 ;-25.89 ;-83.04  ;2557.03
-0.01 ;-0.03 ;1.01 ;-25.90 ;-83.08  ;2558.04
-0.01 ;-0.03 ;1.01 ;-25.90 ;-83.11  ;2559.05
-0.01 ;-0.03 ;1.01 ;-25.91 ;-83.14  ;2560.06
-0.01 ;-0.03 ;1.01 ;-25.91 ;-83.17  ;2561.07
-0.01 ;-0.03 ;1.01 ;-25.92 ;-83.21  ;2562.09
-0.01 ;-0.03 ;1.02 ;-25.93 ;-83.24  ;2563.11
-0.01 ;-0.03 ;1.01 ;-25.93 ;-83.27  ;2564.12
-0.01 ;-0.03 ;1.01 ;-25.94 ;-83.30  ;2565.13
-0.01 ;-0.03 ;1.01 ;-25.94 ;-83.33  ;2566.14
-0.01 ;-0.03 ;1.01 ;-25.95 ;-83.37  ;2567.16
-0.01 ;-0.03 ;1.01 ;-25.96 ;-83.40  ;2568.17
-0.01 ;-0.03 ;1.01 ;-25.96 ;-83.43  ;2569.18
-0.01 ;-0.03 ;1.01 ;-25.97 ;-83.46  ;2570.19
-0.01 ;-0.03 ;1.01 ;-25.97 ;-83.49  ;2571.20
-0.01 ;-0.03 ;1.01 ;-25.98 ;-83.52  ;2572.22
-0.01 ;-0.03 ;1.01 ;-25.99 ;-83.56  ;2573.23
-0.01 ;-0.03 ;1.01 ;-25.99 ;-83.59  ;2574.24
-0.01 ;-0.03 ;1.01 ;-26.00 ;-83.62  ;2575.26
-0.01 ;-0.03 ;1.01 ;-26.00 ;-83.65  ;2576.27
-0.01 ;-0.03 ;1.01 ;-26.01 ;-83.68  ;2577.28
-0.01 ;-0.03 ;1.01 ;-26.01 ;-83.72  ;2578.29
-0.01 ;-0.03 ;1.01 ;-26.02 ;-83.75  ;2579.31
-0.01 ;-0.03 ;1.01 ;-26.03 ;-83.78  ;2580.32
-0.01 ;-0.03 ;1.01 ;-26.03 ;-83.81  ;2581.33
-0.01 ;-0.03 ;1.01 ;-26.04 ;-83.85  ;2582.34
-0.01 ;-0.03 ;1.01 ;-26.04 ;-83.88  ;2583.36
-0.01 ;-0.03 ;1.01 ;-26.05 ;-83.91  ;2584.37
-0.01 ;-0.03 ;1.01 ;-26.06 ;-83.94  ;2585.38
-0.01 ;-0.03 ;1.01 ;-26.06 ;-83.97  ;2586.40
-0.01 ;-0.03 ;1.01 ;-26.07 ;-84.00  ;2587.41
-0.00 ;-0.03 ;1.01 ;-26.07 ;-84.04  ;2588.42
-0.01 ;-0.03 ;1.01 ;-26.08 ;-84.07  ;2589.43
-0.01 ;-0.03 ;1.01 ;-26.08 ;-84.10  ;2590.45
-0.01 ;-0.03 ;1.01 ;-26.09 ;-84.14  ;2591.46
-0.01 ;-0.03 ;1.01 ;-26.10 ;-84.17  ;2592.47
-0.01 ;-0.03 ;1.01 ;-26.10 ;-84.20  ;2593.49
-0.01 ;-0.03 ;1.01 ;-26.11 ;-84.23  ;2594.50
-0.01 ;-0.03 ;1.01 ;-26.11 ;-84.26  ;2595.51
-0.01 ;-0.03 ;1.01 ;-26.12 ;-84.30  ;2596.52
-0.01 ;-0.03 ;1.01 ;-26.12 ;-84.33  ;2597.54
-0.01 ;-0.03 ;1.01 ;-26.13 ;-84.36  ;2598.55
-0.01 ;-0.03 ;1.01 ;-26.14 ;-84.39  ;2599.56
-0.01 ;-0.03 ;1.01 ;-26.14 ;-84.42  ;2600.57
-0.01 ;-0.03 ;1.01 ;-26.15 ;-84.46  ;2601.59
-0.01 ;-0.03 ;1.01 ;-26.16 ;-84.49  ;2602.60
-0.01 ;-0.03 ;1.01 ;-26.16 ;-84.52  ;2603.61
-0.01 ;-0.03 ;1.01 ;-26.17 ;-84.55  ;2604.62
-0.01 ;-0.03 ;1.01 ;-26.17 ;-84.58  ;2605.64
-0.01 ;-0.03 ;1.01 ;-26.18 ;-84.62  ;2606.65
-0.01 ;-0.03 ;1.01 ;-26.19 ;-84.65  ;2607.66
-0.01 ;-0.03 ;1.01 ;-26.19 ;-84.68  ;2608.68
-0.01 ;-0.03 ;1.01 ;-26.20 ;-84.71  ;2609.69
-0.01 ;-0.03 ;1.01 ;-26.20 ;-84.74  ;2610.70
-0.01 ;-0.03 ;1.01 ;-26.21 ;-84.78  ;2611.71
-0.01 ;-0.03 ;1.01 ;-26.22 ;-84.81  ;2612.73
-0.00 ;-0.03 ;1.01 ;-26.22 ;-84.84  ;2613.74
-0.01 ;-0.03 ;1.01 ;-26.23 ;-84.87  ;2614.75
-0.01 ;-0.03 ;1.01 ;-26.23 ;-84.90  ;2615.77
-0.01 ;-0.03 ;1.01 ;-26.24 ;-84.94  ;2616.78
-0.01 ;-0.03 ;1.01 ;-26.24 ;-84.97  ;2617.79
-0.01 ;-0.03 ;1.01 ;-26.25 ;-85.00  ;2618.81
-0.01 ;-0.03 ;1.01 ;-26.26 ;-85.03  ;2619.82
-0.01 ;-0.03 ;1.01 ;-26.26 ;-85.06  ;2620.83
-0.01 ;-0.03 ;1.01 ;-26.27 ;-85.09  ;2621.84
-0.01 ;-0.03 ;1.01 ;-26.27 ;-85.13  ;2622.86
-0.01 ;-0.03 ;1.01 ;-26.28 ;-85.16  ;2623.87
-0.01 ;-0.03 ;1.01 ;-26.28 ;-85.19  ;2624.88
-0.01 ;-0.03 ;1.01 ;-26.29 ;-85.22  ;2625.90
-0.01 ;-0.03 ;1.01 ;-26.30 ;-85.25  ;2626.91
-0.01 ;-0.03 ;1.01 ;-26.30 ;-85.29  ;2627.92
-0.01 ;-0.03 ;1.01 ;-26.31 ;-85.32  ;2628.94
-0.01 ;-0.03 ;1.01 ;-26.32 ;-85.35  ;2629.95
-0.01 ;-0.03 ;1.01 ;-26.32 ;-85.38  ;2630.96
-0.01 ;-0.03 ;1.01 ;-26.33 ;-85.41  ;2631.97
-0.01 ;-0.03 ;1.01 ;-26.33 ;-85.44  ;2632.99
-0.01 ;-0.03 ;1.01 ;-26.34 ;-85.48  ;2634.00
-0.01 ;-0.03 ;1.01 ;-26.34 ;-85.51  ;2635.01
-0.01 ;-0.03 ;1.01 ;-26.35 ;-85.54  ;2636.02
-0.01 ;-0.03 ;1.01 ;-26.36 ;-85.57  ;2637.04
-0.01 ;-0.03 ;1.01 ;-26.36 ;-85.60  ;2638.05
-0.01 ;-0.03 ;1.01 ;-26.37 ;-85.64  ;2639.06
-0.00 ;-0.03 ;1.01 ;-26.37 ;-85.67  ;2640.08
-0.01 ;-0.03 ;1.01 ;-26.38 ;-85.70  ;2641.09
-0.01 ;-0.03 ;1.01 ;-26.38 ;-85.73  ;2642.10
-0.01 ;-0.03 ;1.01 ;-26.39 ;-85.76  ;2643.11
-0.01 ;-0.03 ;1.01 ;-26.39 ;-85.79  ;2644.13
-0.01 ;-0.03 ;1.01 ;-26.40 ;-85.83  ;2645.14
-0.01 ;-0.03 ;1.01 ;-26.41 ;-85.86  ;2646.15
-0.00 ;-0.03 ;1.01 ;-26.41 ;-85.89  ;2647.17
-0.01 ;-0.03 ;1.01 ;-26.42 ;-85.92  ;2648.18
-0.01 ;-0.03 ;1.01 ;-26.42 ;-85.95  ;2649.19
-0.01 ;-0.03 ;1.01 ;-26.43 ;-85.99  ;2650.20
-0.01 ;-0.03 ;1.01 ;-26.44 ;-86.02  ;2651.22
-0.01 ;-0.03 ;1.01 ;-26.44 ;-86.05  ;2652.23
-0.01 ;-0.03 ;1.01 ;-26.45 ;-86.08  ;2653.24
-0.01 ;-0.03 ;1.01 ;-26.45 ;-86.12  ;2654.26
-0.01 ;-0.03 ;1.01 ;-26.46 ;-86.15  ;2655.27
-0.01 ;-0.03 ;1.01 ;-26.47 ;-86.18  ;2656.28
-0.01 ;-0.03 ;1.01 ;-26.47 ;-86.21  ;2657.29
-0.01 ;-0.03 ;1.01 ;-26.48 ;-86.24  ;2658.30
-0.01 ;-0.03 ;1.01 ;-26.48 ;-86.28  ;2659.32
-0.01 ;-0.03 ;1.01 ;-26.49 ;-86.31  ;2660.33
-0.01 ;-0.03 ;1.01 ;-26.49 ;-86.34  ;2661.34
-0.01 ;-0.03 ;1.01 ;-26.50 ;-86.37  ;2662.35
-0.01 ;-0.03 ;1.01 ;-26.51 ;-86.41  ;2663.37
-0.01 ;-0.03 ;1.01 ;-26.51 ;-86.44  ;2664.38
-0.01 ;-0.03 ;1.01 ;-26.52 ;-86.47  ;2665.39
-0.01 ;-0.03 ;1.01 ;-26.52 ;-86.50  ;2666.41
-0.01 ;-0.03 ;1.01 ;-26.53 ;-86.53  ;2667.42
-0.01 ;-0.03 ;1.01 ;-26.54 ;-86.57  ;2668.43
-0.00 ;-0.03 ;1.01 ;-26.54 ;-86.60  ;2669.44
-0.01 ;-0.03 ;1.01 ;-26.55 ;-86.63  ;2670.46
-0.01 ;-0.03 ;1.01 ;-26.55 ;-86.66  ;2671.47
-0.01 ;-0.03 ;1.01 ;-26.56 ;-86.70  ;2672.48
-0.01 ;-0.03 ;1.01 ;-26.56 ;-86.73  ;2673.49
-0.01 ;-0.03 ;1.01 ;-26.57 ;-86.76  ;2674.50
-0.01 ;-0.03 ;1.01 ;-26.58 ;-86.79  ;2675.52
-0.01 ;-0.03 ;1.01 ;-26.58 ;-86.82  ;2676.53
-0.01 ;-0.03 ;1.01 ;-26.59 ;-86.85  ;2677.54
-0.01 ;-0.03 ;1.01 ;-26.59 ;-86.89  ;2678.55
-0.01 ;-0.03 ;1.01 ;-26.60 ;-86.92  ;2679.57
-0.01 ;-0.03 ;1.01 ;-26.61 ;-86.95  ;2680.58
-0.01 ;-0.03 ;1.01 ;-26.61 ;-86.98  ;2681.59
-0.01 ;-0.03 ;1.01 ;-26.62 ;-87.02  ;2682.61
-0.01 ;-0.03 ;1.01 ;-26.62 ;-87.05  ;2683.62
-0.00 ;-0.03 ;1.01 ;-26.63 ;-87.08  ;2684.63
-0.01 ;-0.03 ;1.01 ;-26.63 ;-87.11  ;2685.65
-0.01 ;-0.03 ;1.01 ;-26.64 ;-87.15  ;2686.66
-0.01 ;-0.03 ;1.01 ;-26.65 ;-87.18  ;2687.67
-0.01 ;-0.03 ;1.01 ;-26.65 ;-87.21  ;2688.68
-0.01 ;-0.03 ;1.01 ;-26.66 ;-87.24  ;2689.70
-0.01 ;-0.03 ;1.01 ;-26.66 ;-87.27  ;2690.71
-0.01 ;-0.03 ;1.01 ;-26.67 ;-87.30  ;2691.72
-0.01 ;-0.03 ;1.01 ;-26.68 ;-87.34  ;2692.73
-0.01 ;-0.03 ;1.01 ;-26.68 ;-87.37  ;2693.75
-0.01 ;-0.03 ;1.01 ;-26.69 ;-87.40  ;2694.76
-0.01 ;-0.03 ;1.01 ;-26.69 ;-87.43  ;2695.77
-0.01 ;-0.03 ;1.01 ;-26.70 ;-87.47  ;2696.78
-0.01 ;-0.03 ;1.01 ;-26.71 ;-87.50  ;2697.80
-0.01 ;-0.03 ;1.01 ;-26.71 ;-87.53  ;2698.81
-0.01 ;-0.03 ;1.01 ;-26.72 ;-87.56  ;2699.82
-0.01 ;-0.03 ;1.01 ;-26.72 ;-87.59  ;2700.83
-0.01 ;-0.03 ;1.01 ;-26.73 ;-87.62  ;2701.84
-0.01 ;-0.03 ;1.01 ;-26.74 ;-87.66  ;2702.86
-0.01 ;-0.03 ;1.01 ;-26.74 ;-87.69  ;2703.87
-0.01 ;-0.03 ;1.01 ;-26.75 ;-87.72  ;2704.88
-0.01 ;-0.03 ;1.01 ;-26.75 ;-87.75  ;2705.89
-0.01 ;-0.03 ;1.01 ;-26.76 ;-87.79  ;2706.91
-0.01 ;-0.03 ;1.01 ;-26.77 ;-87.82  ;2707.92
-0.01 ;-0.03 ;1.01 ;-26.77 ;-87.85  ;2708.93
-0.01 ;-0.03 ;1.01 ;-26.78 ;-87.88  ;2709.94
-0.01 ;-0.03 ;1.01 ;-26.78 ;-87.91  ;2710.96
-0.01 ;-0.03 ;1.01 ;-26.79 ;-87.95  ;2711.97
-0.01 ;-0.03 ;1.01 ;-26.80 ;-87.98  ;2712.98
-0.01 ;-0.03 ;1.01 ;-26.80 ;-88.01  ;2713.99
-0.01 ;-0.03 ;1.01 ;-26.81 ;-88.04  ;2715.01
-0.01 ;-0.03 ;1.01 ;-26.81 ;-88.08  ;2716.02
-0.01 ;-0.03 ;1.01 ;-26.82 ;-88.11  ;2717.03
-0.01 ;-0.03 ;1.01 ;-26.82 ;-88.14  ;2718.04
-0.01 ;-0.03 ;1.01 ;-26.83 ;-88.17  ;2719.06
-0.01 ;-0.03 ;1.01 ;-26.84 ;-88.21  ;2720.07
-0.01 ;-0.03 ;1.01 ;-26.84 ;-88.24  ;2721.08
-0.01 ;-0.03 ;1.01 ;-26.85 ;-88.27  ;2722.09
-0.01 ;-0.03 ;1.01 ;-26.85 ;-88.30  ;2723.11
-0.01 ;-0.03 ;1.01 ;-26.86 ;-88.33  ;2724.12
-0.01 ;-0.03 ;1.01 ;-26.87 ;-88.37  ;2725.13
-0.01 ;-0.03 ;1.01 ;-26.87 ;-88.40  ;2726.15
-0.01 ;-0.03 ;1.01 ;-26.88 ;-88.43  ;2727.16
-0.01 ;-0.03 ;1.01 ;-26.88 ;-88.46  ;2728.17
-0.01 ;-0.03 ;1.01 ;-26.89 ;-88.50  ;2729.18
-0.01 ;-0.03 ;1.01 ;-26.90 ;-88.53  ;2730.20
-0.01 ;-0.03 ;1.01 ;-26.90 ;-88.56  ;2731.21
-0.01 ;-0.03 ;1.01 ;-26.91 ;-88.59  ;2732.22
-0.01 ;-0.03 ;1.01 ;-26.91 ;-88.62  ;2733.23
-0.01 ;-0.03 ;1.01 ;-26.92 ;-88.66  ;2734.25
-0.01 ;-0.03 ;1.01 ;-26.93 ;-88.69  ;2735.26
-0.01 ;-0.03 ;1.01 ;-26.93 ;-88.72  ;2736.27
-0.01 ;-0.03 ;1.01 ;-26.94 ;-88.75  ;2737.28
-0.01 ;-0.03 ;1.01 ;-26.94 ;-88.79  ;2738.30
-0.01 ;-0.03 ;1.01 ;-26.95 ;-88.82  ;2739.31
-0.01 ;-0.03 ;1.01 ;-26.96 ;-88.85  ;2740.32
-0.01 ;-0.03 ;1.01 ;-26.96 ;-88.88  ;2741.33
-0.01 ;-0.03 ;1.01 ;-26.97 ;-88.91  ;2742.35
-0.01 ;-0.03 ;1.01 ;-26.97 ;-88.95  ;2743.36
-0.01 ;-0.03 ;1.01 ;-26.98 ;-88.98  ;2744.37
-0.01 ;-0.03 ;1.01 ;-26.99 ;-89.01  ;2745.39
-0.01 ;-0.03 ;1.01 ;-26.99 ;-89.04  ;2746.40
-0.01 ;-0.03 ;1.01 ;-27.00 ;-89.08  ;2747.41
-0.01 ;-0.03 ;1.01 ;-27.00 ;-89.11  ;2748.42
-0.01 ;-0.03 ;1.01 ;-27.01 ;-89.14  ;2749.44
-0.01 ;-0.03 ;1.01 ;-27.02 ;-89.17  ;2750.45
-0.01 ;-0.03 ;1.01 ;-27.02 ;-89.20  ;2751.46
-0.01 ;-0.03 ;1.01 ;-27.03 ;-89.24  ;2752.48
-0.01 ;-0.03 ;1.01 ;-27.03 ;-89.27  ;2753.49
-0.01 ;-0.03 ;1.01 ;-27.04 ;-89.30  ;2754.50
-0.01 ;-0.03 ;1.01 ;-27.05 ;-89.33  ;2755.51
-0.01 ;-0.03 ;1.01 ;-27.05 ;-89.37  ;2756.53
-0.01 ;-0.03 ;1.01 ;-27.06 ;-89.40  ;2757.54
-0.01 ;-0.03 ;1.01 ;-27.06 ;-89.43  ;2758.55
-0.01 ;-0.03 ;1.01 ;-27.07 ;-89.46  ;2759.56
-0.01 ;-0.03 ;1.01 ;-27.08 ;-89.50  ;2760.58
-0.01 ;-0.03 ;1.01 ;-27.08 ;-89.53  ;2761.59
-0.01 ;-0.03 ;1.01 ;-27.09 ;-89.56  ;2762.60
-0.01 ;-0.03 ;1.01 ;-27.09 ;-89.59  ;2763.61
-0.01 ;-0.03 ;1.01 ;-27.10 ;-89.63  ;2764.63
-0.01 ;-0.03 ;1.01 ;-27.10 ;-89.66  ;2765.64
-0.01 ;-0.03 ;1.01 ;-27.11 ;-89.69  ;2766.65
-0.01 ;-0.03 ;1.01 ;-27.12 ;-89.72  ;2767.66
-0.01 ;-0.03 ;1.01 ;-27.12 ;-89.76  ;2768.68
-0.01 ;-0.03 ;1.01 ;-27.13 ;-89.79  ;2769.69
-0.01 ;-0.03 ;1.01 ;-27.14 ;-89.82  ;2770.70
-0.01 ;-0.03 ;1.01 ;-27.14 ;-89.85  ;2771.71
-0.01 ;-0.03 ;1.01 ;-27.15 ;-89.89  ;2772.73
-0.01 ;-0.03 ;1.01 ;-27.15 ;-89.92  ;2773.74
-0.01 ;-0.03 ;1.01 ;-27.16 ;-89.95  ;2774.75
-0.01 ;-0.03 ;1.01 ;-27.17 ;-89.98  ;2775.77
-0.01 ;-0.03 ;1.01 ;-27.17 ;-90.02  ;2776.78
-0.01 ;-0.03 ;1.01 ;-27.18 ;-90.05  ;2777.79
-0.01 ;-0.03 ;1.01 ;-27.18 ;-90.08  ;2778.80
-0.01 ;-0.03 ;1.01 ;-27.19 ;-90.11  ;2779.82
-0.01 ;-0.03 ;1.01 ;-27.19 ;-90.15  ;2780.83
-0.01 ;-0.03 ;1.01 ;-27.20 ;-90.18  ;2781.84
-0.01 ;-0.03 ;1.01 ;-27.21 ;-90.21  ;2782.85
-0.01 ;-0.03 ;1.01 ;-27.21 ;-90.24  ;2783.87
-0.01 ;-0.03 ;1.01 ;-27.22 ;-90.27  ;2784.88
-0.01 ;-0.03 ;1.01 ;-27.22 ;-90.31  ;2785.89
-0.01 ;-0.03 ;1.01 ;-27.23 ;-90.34  ;2786.90
-0.01 ;-0.03 ;1.01 ;-27.23 ;-90.37  ;2787.92
-0.01 ;-0.03 ;1.01 ;-27.24 ;-90.40  ;2788.93
-0.01 ;-0.03 ;1.01 ;-27.25 ;-90.43  ;2789.94
-0.01 ;-0.03 ;1.01 ;-27.25 ;-90.47  ;2790.96
-0.01 ;-0.03 ;1.01 ;-27.26 ;-90.50  ;2791.97
-0.01 ;-0.03 ;1.01 ;-27.27 ;-90.53  ;2792.98
-0.01 ;-0.03 ;1.01 ;-27.27 ;-90.56  ;2793.99
-0.01 ;-0.03 ;1.01 ;-27.28 ;-90.60  ;2795.00
-0.01 ;-0.03 ;1.01 ;-27.29 ;-90.63  ;2796.02
-0.01 ;-0.03 ;1.01 ;-27.29 ;-90.66  ;2797.03
-0.01 ;-0.03 ;1.01 ;-27.30 ;-90.69  ;2798.04
-0.01 ;-0.03 ;1.01 ;-27.30 ;-90.72  ;2799.05
-0.01 ;-0.03 ;1.01 ;-27.31 ;-90.76  ;2800.07
-0.01 ;-0.03 ;1.01 ;-27.31 ;-90.79  ;2801.08
-0.01 ;-0.03 ;1.01 ;-27.32 ;-90.82  ;2802.09
-0.01 ;-0.03 ;1.01 ;-27.33 ;-90.85  ;2803.10
-0.01 ;-0.03 ;1.01 ;-27.33 ;-90.89  ;2804.11
-0.01 ;-0.03 ;1.01 ;-27.34 ;-90.92  ;2805.13
-0.01 ;-0.03 ;1.01 ;-27.34 ;-90.95  ;2806.14
-0.01 ;-0.03 ;1.01 ;-27.35 ;-90.98  ;2807.15
-0.01 ;-0.03 ;1.01 ;-27.36 ;-91.01  ;2808.17
-0.01 ;-0.03 ;1.01 ;-27.36 ;-91.04  ;2809.18
-0.01 ;-0.03 ;1.01 ;-27.37 ;-91.08  ;2810.19
-0.01 ;-0.03 ;1.01 ;-27.38 ;-91.11  ;2811.20
-0.00 ;-0.03 ;1.01 ;-27.38 ;-91.14  ;2812.22
-0.01 ;-0.03 ;1.01 ;-27.39 ;-91.17  ;2813.23
-0.01 ;-0.03 ;1.01 ;-27.39 ;-91.21  ;2814.24
-0.01 ;-0.03 ;1.01 ;-27.40 ;-91.24  ;2815.25
-0.01 ;-0.03 ;1.01 ;-27.40 ;-91.27  ;2816.27
-0.01 ;-0.03 ;1.01 ;-27.41 ;-91.30  ;2817.28
-0.01 ;-0.03 ;1.01 ;-27.42 ;-91.34  ;2818.29
-0.01 ;-0.03 ;1.01 ;-27.42 ;-91.37  ;2819.30
-0.01 ;-0.03 ;1.01 ;-27.43 ;-91.40  ;2820.31
-0.01 ;-0.03 ;1.01 ;-27.43 ;-91.43  ;2821.33
-0.01 ;-0.03 ;1.01 ;-27.44 ;-91.46  ;2822.34
-0.01 ;-0.03 ;1.01 ;-27.44 ;-91.50  ;2823.35
-0.01 ;-0.03 ;1.01 ;-27.45 ;-91.53  ;2824.37
-0.01 ;-0.03 ;1.01 ;-27.46 ;-91.56  ;2825.38
-0.01 ;-0.03 ;1.01 ;-27.46 ;-91.59  ;2826.39
-0.01 ;-0.03 ;1.01 ;-27.47 ;-91.62  ;2827.40
-0.01 ;-0.03 ;1.01 ;-27.47 ;-91.66  ;2828.42
-0.01 ;-0.03 ;1.01 ;-27.48 ;-91.69  ;2829.43
-0.01 ;-0.03 ;1.01 ;-27.49 ;-91.72  ;2830.44
-0.01 ;-0.03 ;1.01 ;-27.49 ;-91.75  ;2831.45
-0.01 ;-0.03 ;1.01 ;-27.50 ;-91.79  ;2832.46
-0.01 ;-0.03 ;1.01 ;-27.51 ;-91.82  ;2833.47
-0.01 ;-0.03 ;1.01 ;-27.51 ;-91.85  ;2834.49
-0.01 ;-0.03 ;1.01 ;-27.52 ;-91.88  ;2835.50
-0.01 ;-0.03 ;1.01 ;-27.52 ;-91.92  ;2836.51
-0.01 ;-0.03 ;1.01 ;-27.53 ;-91.95  ;2837.52
-0.01 ;-0.03 ;1.01 ;-27.53 ;-91.98  ;2838.54
-0.01 ;-0.03 ;1.01 ;-27.54 ;-92.01  ;2839.55
-0.01 ;-0.03 ;1.01 ;-27.55 ;-92.05  ;2840.56
-0.01 ;-0.03 ;1.01 ;-27.55 ;-92.08  ;2841.57
-0.01 ;-0.03 ;1.01 ;-27.56 ;-92.11  ;2842.59
-0.01 ;-0.03 ;1.01 ;-27.56 ;-92.14  ;2843.60
-0.01 ;-0.03 ;1.01 ;-27.57 ;-92.17  ;2844.61
-0.01 ;-0.03 ;1.01 ;-27.58 ;-92.20  ;2845.62
-0.01 ;-0.03 ;1.01 ;-27.58 ;-92.24  ;2846.64
-0.01 ;-0.03 ;1.01 ;-27.59 ;-92.27  ;2847.65
-0.01 ;-0.03 ;1.01 ;-27.59 ;-92.30  ;2848.66
-0.01 ;-0.03 ;1.01 ;-27.60 ;-92.33  ;2849.67
-0.01 ;-0.03 ;1.01 ;-27.61 ;-92.36  ;2850.68
-0.01 ;-0.03 ;1.01 ;-27.61 ;-92.40  ;2851.70
-0.01 ;-0.03 ;1.01 ;-27.62 ;-92.43  ;2852.71
-0.01 ;-0.03 ;1.01 ;-27.62 ;-92.46  ;2853.72
-0.01 ;-0.03 ;1.01 ;-27.63 ;-92.49  ;2854.73
-0.01 ;-0.03 ;1.01 ;-27.63 ;-92.52  ;2855.74
-0.01 ;-0.03 ;1.01 ;-27.64 ;-92.56  ;2856.76
-0.01 ;-0.03 ;1.01 ;-27.65 ;-92.59  ;2857.77
-0.01 ;-0.03 ;1.01 ;-27.65 ;-92.62  ;2858.78
-0.01 ;-0.03 ;1.01 ;-27.66 ;-92.65  ;2859.79
-0.01 ;-0.03 ;1.01 ;-27.66 ;-92.69  ;2860.81
-0.01 ;-0.03 ;1.01 ;-27.67 ;-92.72  ;2861.82
-0.01 ;-0.03 ;1.01 ;-27.67 ;-92.75  ;2862.83
-0.01 ;-0.03 ;1.01 ;-27.68 ;-92.78  ;2863.84
-0.01 ;-0.03 ;1.01 ;-27.69 ;-92.82  ;2864.85
-0.01 ;-0.03 ;1.01 ;-27.69 ;-92.85  ;2865.87
-0.01 ;-0.03 ;1.01 ;-27.70 ;-92.88  ;2866.88
-0.01 ;-0.03 ;1.01 ;-27.70 ;-92.91  ;2867.89
-0.01 ;-0.03 ;1.01 ;-27.71 ;-92.94  ;2868.91
-0.01 ;-0.03 ;1.01 ;-27.71 ;-92.98  ;2869.92
-0.01 ;-0.03 ;1.01 ;-27.72 ;-93.01  ;2870.93
-0.01 ;-0.03 ;1.01 ;-27.73 ;-93.04  ;2871.94
-0.01 ;-0.03 ;1.01 ;-27.73 ;-93.07  ;2872.96
-0.01 ;-0.03 ;1.01 ;-27.74 ;-93.10  ;2873.97
-0.01 ;-0.03 ;1.01 ;-27.74 ;-93.14  ;2874.98
-0.01 ;-0.03 ;1.01 ;-27.75 ;-93.17  ;2875.99
-0.01 ;-0.03 ;1.01 ;-27.76 ;-93.20  ;2877.00
-0.00 ;-0.03 ;1.01 ;-27.76 ;-93.23  ;2878.02
-0.01 ;-0.03 ;1.01 ;-27.77 ;-93.26  ;2879.03
-0.01 ;-0.03 ;1.01 ;-27.77 ;-93.30  ;2880.04
-0.01 ;-0.03 ;1.01 ;-27.78 ;-93.33  ;2881.05
-0.01 ;-0.03 ;1.01 ;-27.78 ;-93.36  ;2882.06
-0.01 ;-0.03 ;1.01 ;-27.79 ;-93.39  ;2883.08
-0.01 ;-0.03 ;1.01 ;-27.79 ;-93.43  ;2884.09
-0.01 ;-0.03 ;1.01 ;-27.80 ;-93.46  ;2885.10
-0.01 ;-0.03 ;1.01 ;-27.81 ;-93.49  ;2886.11
-0.01 ;-0.03 ;1.01 ;-27.81 ;-93.52  ;2887.13
-0.01 ;-0.03 ;1.01 ;-27.82 ;-93.55  ;2888.14
-0.01 ;-0.03 ;1.01 ;-27.82 ;-93.59  ;2889.15
-0.01 ;-0.03 ;1.01 ;-27.83 ;-93.62  ;2890.16
-0.01 ;-0.03 ;1.01 ;-27.84 ;-93.65  ;2891.18
-0.01 ;-0.03 ;1.01 ;-27.84 ;-93.68  ;2892.19
-0.01 ;-0.03 ;1.01 ;-27.85 ;-93.72  ;2893.20
-0.01 ;-0.03 ;1.01 ;-27.85 ;-93.75  ;2894.21
-0.01 ;-0.03 ;1.01 ;-27.86 ;-93.78  ;2895.22
-0.01 ;-0.03 ;1.01 ;-27.87 ;-93.81  ;2896.24
-0.01 ;-0.03 ;1.01 ;-27.87 ;-93.84  ;2897.25
-0.01 ;-0.03 ;1.01 ;-27.88 ;-93.88  ;2898.26
-0.01 ;-0.03 ;1.01 ;-27.88 ;-93.91  ;2899.27
-0.01 ;-0.03 ;1.01 ;-27.89 ;-93.94  ;2900.29
-0.01 ;-0.03 ;1.01 ;-27.90 ;-93.97  ;2901.30
-0.01 ;-0.03 ;1.01 ;-27.90 ;-94.00  ;2902.31
-0.01 ;-0.03 ;1.01 ;-27.91 ;-94.04  ;2903.32
-0.01 ;-0.03 ;1.01 ;-27.91 ;-94.07  ;2904.34
-0.01 ;-0.03 ;1.01 ;-27.92 ;-94.10  ;2905.35
-0.01 ;-0.03 ;1.01 ;-27.93 ;-94.13  ;2906.36
-0.01 ;-0.03 ;1.01 ;-27.93 ;-94.17  ;2907.37
-0.01 ;-0.03 ;1.01 ;-27.94 ;-94.20  ;2908.38
-0.01 ;-0.03 ;1.01 ;-27.94 ;-94.23  ;2909.40
-0.01 ;-0.03 ;1.01 ;-27.95 ;-94.27  ;2910.41
-0.01 ;-0.03 ;1.01 ;-27.96 ;-94.30  ;2911.42
-0.01 ;-0.03 ;1.01 ;-27.96 ;-94.33  ;2912.43
-0.01 ;-0.03 ;1.01 ;-27.97 ;-94.36  ;2913.44
-0.01 ;-0.03 ;1.01 ;-27.97 ;-94.39  ;2914.46
-0.01 ;-0.03 ;1.01 ;-27.98 ;-94.43  ;2915.47
-0.01 ;-0.03 ;1.01 ;-27.99 ;-94.46  ;2916.48
-0.01 ;-0.03 ;1.01 ;-27.99 ;-94.49  ;2917.49
-0.01 ;-0.03 ;1.01 ;-28.00 ;-94.52  ;2918.51
-0.01 ;-0.03 ;1.01 ;-28.00 ;-94.55  ;2919.52
-0.01 ;-0.03 ;1.01 ;-28.01 ;-94.59  ;2920.53
-0.01 ;-0.03 ;1.01 ;-28.02 ;-94.62  ;2921.54
-0.01 ;-0.03 ;1.01 ;-28.02 ;-94.65  ;2922.56
-0.01 ;-0.03 ;1.01 ;-28.03 ;-94.68  ;2923.57
-0.01 ;-0.03 ;1.01 ;-28.03 ;-94.72  ;2924.58
-0.01 ;-0.03 ;1.01 ;-28.04 ;-94.75  ;2925.59
-0.01 ;-0.03 ;1.01 ;-28.05 ;-94.78  ;2926.61
-0.01 ;-0.03 ;1.01 ;-28.05 ;-94.81  ;2927.62
-0.01 ;-0.03 ;1.01 ;-28.06 ;-94.84  ;2928.63
-0.01 ;-0.03 ;1.01 ;-28.06 ;-94.88  ;2929.64
-0.01 ;-0.03 ;1.01 ;-28.07 ;-94.91  ;2930.66
-0.01 ;-0.03 ;1.01 ;-28.07 ;-94.94  ;2931.67
-0.01 ;-0.03 ;1.01 ;-28.08 ;-94.97  ;2932.68
-0.01 ;-0.03 ;1.01 ;-28.09 ;-95.01  ;2933.69
-0.01 ;-0.03 ;1.01 ;-28.09 ;-95.04  ;2934.71
-0.01 ;-0.03 ;1.01 ;-28.10 ;-95.07  ;2935.72
-0.01 ;-0.03 ;1.01 ;-28.10 ;-95.10  ;2936.73
-0.01 ;-0.03 ;1.01 ;-28.11 ;-95.13  ;2937.74
-0.01 ;-0.03 ;1.01 ;-28.12 ;-95.17  ;2938.76
-0.01 ;-0.03 ;1.01 ;-28.12 ;-95.20  ;2939.77
-0.01 ;-0.03 ;1.01 ;-28.13 ;-95.23  ;2940.78
-0.01 ;-0.03 ;1.01 ;-28.13 ;-95.26  ;2941.79
-0.01 ;-0.03 ;1.01 ;-28.14 ;-95.29  ;2942.80
-0.01 ;-0.03 ;1.01 ;-28.14 ;-95.33  ;2943.82
-0.01 ;-0.03 ;1.01 ;-28.15 ;-95.36  ;2944.83
-0.01 ;-0.03 ;1.01 ;-28.16 ;-95.39  ;2945.84
-0.01 ;-0.03 ;1.01 ;-28.16 ;-95.43  ;2946.85
-0.01 ;-0.03 ;1.01 ;-28.17 ;-95.46  ;2947.87
-0.01 ;-0.03 ;1.01 ;-28.17 ;-95.49  ;2948.88
-0.01 ;-0.03 ;1.01 ;-28.18 ;-95.52  ;2949.89
-0.01 ;-0.03 ;1.01 ;-28.19 ;-95.55  ;2950.90
-0.01 ;-0.03 ;1.01 ;-28.19 ;-95.59  ;2951.91
-0.00 ;-0.03 ;1.01 ;-28.20 ;-95.62  ;2952.93
-0.01 ;-0.03 ;1.01 ;-28.20 ;-95.65  ;2953.94
-0.01 ;-0.03 ;1.01 ;-28.21 ;-95.68  ;2954.95
-0.01 ;-0.03 ;1.01 ;-28.21 ;-95.71  ;2955.96
-0.01 ;-0.03 ;1.01 ;-28.22 ;-95.75  ;2956.97
-0.01 ;-0.03 ;1.01 ;-28.22 ;-95.78  ;2957.99
-0.01 ;-0.03 ;1.01 ;-28.23 ;-95.81  ;2959.00
-0.01 ;-0.03 ;1.01 ;-28.24 ;-95.84  ;2960.01
-0.01 ;-0.03 ;1.01 ;-28.24 ;-95.88  ;2961.02
-0.01 ;-0.03 ;1.01 ;-28.25 ;-95.91  ;2962.04
-0.01 ;-0.03 ;1.01 ;-28.26 ;-95.94  ;2963.05
-0.01 ;-0.03 ;1.01 ;-28.26 ;-95.97  ;2964.06
-0.01 ;-0.03 ;1.01 ;-28.27 ;-96.01  ;2965.07
-0.01 ;-0.03 ;1.01 ;-28.27 ;-96.04  ;2966.08
-0.01 ;-0.03 ;1.01 ;-28.28 ;-96.07  ;2967.10
-0.01 ;-0.03 ;1.01 ;-28.29 ;-96.10  ;2968.11
-0.01 ;-0.03 ;1.01 ;-28.29 ;-96.14  ;2969.12
-0.01 ;-0.03 ;1.01 ;-28.30 ;-96.17  ;2970.13
-0.01 ;-0.03 ;1.01 ;-28.30 ;-96.20  ;2971.15
-0.01 ;-0.03 ;1.01 ;-28.31 ;-96.23  ;2972.16
-0.01 ;-0.03 ;1.01 ;-28.31 ;-96.27  ;2973.17
-0.01 ;-0.03 ;1.01 ;-28.32 ;-96.30  ;2974.18
-0.01 ;-0.03 ;1.01 ;-28.32 ;-96.33  ;2975.19
-0.01 ;-0.03 ;1.01 ;-28.33 ;-96.36  ;2976.20
-0.01 ;-0.03 ;1.01 ;-28.34 ;-96.39  ;2977.22
-0.01 ;-0.03 ;1.01 ;-28.35 ;-96.43  ;2978.23
-0.01 ;-0.03 ;1.01 ;-28.35 ;-96.46  ;2979.24
-0.01 ;-0.03 ;1.01 ;-28.36 ;-96.49  ;2980.25
-0.01 ;-0.03 ;1.01 ;-28.36 ;-96.52  ;2981.27
-0.01 ;-0.03 ;1.01 ;-28.37 ;-96.55  ;2982.28
-0.01 ;-0.03 ;1.01 ;-28.38 ;-96.59  ;2983.29
-0.01 ;-0.03 ;1.01 ;-28.38 ;-96.62  ;2984.30
-0.01 ;-0.03 ;1.01 ;-28.39 ;-96.65  ;2985.31
-0.01 ;-0.03 ;1.01 ;-28.40 ;-96.69  ;2986.32
-0.01 ;-0.03 ;1.01 ;-28.40 ;-96.72  ;2987.34
-0.01 ;-0.03 ;1.01 ;-28.41 ;-96.75  ;2988.35
-0.01 ;-0.03 ;1.01 ;-28.41 ;-96.78  ;2989.36
-0.01 ;-0.03 ;1.01 ;-28.42 ;-96.81  ;2990.37
-0.01 ;-0.03 ;1.01 ;-28.42 ;-96.85  ;2991.39
-0.01 ;-0.03 ;1.01 ;-28.43 ;-96.88  ;2992.40
-0.01 ;-0.03 ;1.01 ;-28.44 ;-96.91  ;2993.41
-0.01 ;-0.03 ;1.01 ;-28.44 ;-96.94  ;2994.42
-0.01 ;-0.03 ;1.01 ;-28.45 ;-96.98  ;2995.43
-0.00 ;-0.03 ;1.00 ;-28.45 ;-97.00  ;2996.44
-0.01 ;-0.03 ;1.04 ;-28.46 ;-97.04  ;2997.48
-0.00 ;-0.02 ;1.03 ;-28.47 ;-97.05  ;2998.51
-0.01 ;-0.05 ;1.00 ;-28.48 ;-97.10  ;2999.50
-0.00 ;-0.02 ;1.03 ;-28.48 ;-97.12  ;3000.54
-0.01 ;-0.05 ;1.00 ;-28.49 ;-97.16  ;3001.54
-0.00 ;-0.03 ;1.00 ;-28.49 ;-97.19  ;3002.54
-0.01 ;-0.03 ;1.01 ;-28.50 ;-97.22  ;3003.55
-0.00 ;-0.03 ;1.02 ;-28.50 ;-97.25  ;3004.57
-0.00 ;-0.03 ;1.00 ;-28.51 ;-97.28  ;3005.57
-0.00 ;-0.03 ;1.03 ;-28.51 ;-97.31  ;3006.60
-0.00 ;-0.02 ;1.02 ;-28.51 ;-97.33  ;3007.62
-0.01 ;-0.04 ;1.01 ;-28.52 ;-97.37  ;3008.63
-0.00 ;-0.02 ;1.03 ;-28.53 ;-97.39  ;3009.66
-0.01 ;-0.03 ;1.01 ;-28.53 ;-97.42  ;3010.68
-0.01 ;-0.03 ;1.01 ;-28.54 ;-97.46  ;3011.69
-0.01 ;-0.03 ;1.02 ;-28.54 ;-97.49  ;3012.70
-0.01 ;-0.03 ;1.01 ;-28.55 ;-97.52  ;3013.71
-0.01 ;-0.03 ;1.01 ;-28.56 ;-97.55  ;3014.72
-0.01 ;-0.03 ;1.02 ;-28.56 ;-97.58  ;3015.74
-0.00 ;-0.03 ;1.01 ;-28.57 ;-97.61  ;3016.75
-0.01 ;-0.03 ;1.01 ;-28.57 ;-97.65  ;3017.75
-0.00 ;-0.03 ;1.02 ;-28.58 ;-97.68  ;3018.77
-0.01 ;-0.03 ;1.01 ;-28.58 ;-97.71  ;3019.78
-0.01 ;-0.03 ;1.02 ;-28.59 ;-97.74  ;3020.79
-0.01 ;-0.03 ;1.02 ;-28.59 ;-97.77  ;3021.81
-0.01 ;-0.03 ;1.01 ;-28.60 ;-97.81  ;3022.82
-0.01 ;-0.03 ;1.01 ;-28.61 ;-97.84  ;3023.83
-0.01 ;-0.03 ;1.01 ;-28.61 ;-97.87  ;3024.84
-0.01 ;-0.03 ;1.01 ;-28.62 ;-97.90  ;3025.85
-0.01 ;-0.03 ;1.01 ;-28.62 ;-97.94  ;3026.86
-0.01 ;-0.03 ;1.01 ;-28.63 ;-97.97  ;3027.88
-0.01 ;-0.03 ;1.01 ;-28.64 ;-98.00  ;3028.89
-0.01 ;-0.03 ;1.01 ;-28.64 ;-98.03  ;3029.90
-0.00 ;-0.03 ;1.01 ;-28.64 ;-98.06  ;3030.91
-0.01 ;-0.03 ;1.01 ;-28.65 ;-98.10  ;3031.93
-0.01 ;-0.03 ;1.01 ;-28.66 ;-98.13  ;3032.94
-0.01 ;-0.03 ;1.01 ;-28.66 ;-98.16  ;3033.95
-0.01 ;-0.03 ;1.01 ;-28.67 ;-98.19  ;3034.96
-0.01 ;-0.03 ;1.01 ;-28.67 ;-98.22  ;3035.97
-0.01 ;-0.03 ;1.01 ;-28.68 ;-98.26  ;3036.98
-0.01 ;-0.03 ;1.01 ;-28.69 ;-98.29  ;3038.00
-0.01 ;-0.03 ;1.01 ;-28.70 ;-98.32  ;3039.01
-0.01 ;-0.03 ;1.01 ;-28.70 ;-98.35  ;3040.02
-0.01 ;-0.03 ;1.01 ;-28.71 ;-98.39  ;3041.03
-0.00 ;-0.03 ;1.01 ;-28.71 ;-98.42  ;3042.05
-0.01 ;-0.03 ;1.01 ;-28.72 ;-98.45  ;3043.06
-0.01 ;-0.03 ;1.01 ;-28.72 ;-98.48  ;3044.07
-0.01 ;-0.03 ;1.01 ;-28.73 ;-98.52  ;3045.08
-0.01 ;-0.03 ;1.01 ;-28.74 ;-98.55  ;3046.09
-0.01 ;-0.03 ;1.01 ;-28.74 ;-98.58  ;3047.11
-0.01 ;-0.03 ;1.01 ;-28.75 ;-98.61  ;3048.12
-0.01 ;-0.03 ;1.01 ;-28.76 ;-98.64  ;3049.13
-0.01 ;-0.03 ;1.01 ;-28.76 ;-98.68  ;3050.14
-0.01 ;-0.03 ;1.01 ;-28.77 ;-98.71  ;3051.16
-0.01 ;-0.03 ;1.01 ;-28.77 ;-98.74  ;3052.17
-0.01 ;-0.03 ;1.01 ;-28.78 ;-98.77  ;3053.18
-0.01 ;-0.03 ;1.01 ;-28.78 ;-98.81  ;3054.19
-0.01 ;-0.03 ;1.01 ;-28.79 ;-98.84  ;3055.21
-0.01 ;-0.03 ;1.01 ;-28.80 ;-98.87  ;3056.22
-0.01 ;-0.03 ;1.01 ;-28.80 ;-98.90  ;3057.23
-0.01 ;-0.03 ;1.01 ;-28.81 ;-98.93  ;3058.24
-0.01 ;-0.03 ;1.01 ;-28.82 ;-98.97  ;3059.25
-0.01 ;-0.03 ;1.01 ;-28.82 ;-99.00  ;3060.27
-0.01 ;-0.03 ;1.01 ;-28.83 ;-99.03  ;3061.28
-0.01 ;-0.03 ;1.01 ;-28.83 ;-99.07  ;3062.29
-0.01 ;-0.03 ;1.01 ;-28.84 ;-99.10  ;3063.30
-0.01 ;-0.03 ;1.01 ;-28.85 ;-99.13  ;3064.31
-0.01 ;-0.03 ;1.01 ;-28.85 ;-99.16  ;3065.32
-0.01 ;-0.03 ;1.01 ;-28.86 ;-99.19  ;3066.34
-0.01 ;-0.03 ;1.01 ;-28.86 ;-99.23  ;3067.35
-0.01 ;-0.03 ;1.01 ;-28.87 ;-99.26  ;3068.36
-0.01 ;-0.03 ;1.01 ;-28.87 ;-99.29  ;3069.37
-0.01 ;-0.03 ;1.01 ;-28.88 ;-99.33  ;3070.38
-0.01 ;-0.03 ;1.01 ;-28.89 ;-99.36  ;3071.40
-0.01 ;-0.03 ;1.01 ;-28.89 ;-99.39  ;3072.41
-0.01 ;-0.03 ;1.01 ;-28.90 ;-99.42  ;3073.42
-0.01 ;-0.03 ;1.01 ;-28.91 ;-99.45  ;3074.43
-0.01 ;-0.03 ;1.01 ;-28.91 ;-99.49  ;3075.44
-0.01 ;-0.03 ;1.01 ;-28.92 ;-99.52  ;3076.45
-0.01 ;-0.03 ;1.01 ;-28.93 ;-99.55  ;3077.47
-0.01 ;-0.03 ;1.01 ;-28.93 ;-99.59  ;3078.48
-0.01 ;-0.03 ;1.01 ;-28.94 ;-99.62  ;3079.49
-0.01 ;-0.03 ;1.01 ;-28.94 ;-99.65  ;3080.50
-0.01 ;-0.03 ;1.01 ;-28.95 ;-99.68  ;3081.51
-0.01 ;-0.03 ;1.01 ;-28.95 ;-99.71  ;3082.53
-0.01 ;-0.03 ;1.01 ;-28.96 ;-99.75  ;3083.54
-0.01 ;-0.03 ;1.01 ;-28.97 ;-99.78  ;3084.55
-0.01 ;-0.03 ;1.01 ;-28.97 ;-99.81  ;3085.56
-0.01 ;-0.03 ;1.01 ;-28.98 ;-99.84  ;3086.57
-0.01 ;-0.03 ;1.01 ;-28.98 ;-99.88  ;3087.59
-0.01 ;-0.03 ;1.01 ;-28.99 ;-99.91  ;3088.60
-0.01 ;-0.03 ;1.01 ;-29.00 ;-99.94  ;3089.61
-0.01 ;-0.03 ;1.01 ;-29.00 ;-99.97  ;3090.62
-0.01 ;-0.03 ;1.01 ;-29.01 ;-100.01 ;3091.64
-0.01 ;-0.03 ;1.01 ;-29.02 ;-100.04 ;3092.65
-0.01 ;-0.03 ;1.01 ;-29.02 ;-100.07 ;3093.66
-0.01 ;-0.03 ;1.01 ;-29.03 ;-100.10 ;3094.67
-0.01 ;-0.03 ;1.01 ;-29.03 ;-100.13 ;3095.69
-0.01 ;-0.03 ;1.01 ;-29.04 ;-100.17 ;3096.70
-0.01 ;-0.03 ;1.01 ;-29.04 ;-100.20 ;3097.71
-0.01 ;-0.03 ;1.01 ;-29.05 ;-100.23 ;3098.72
-0.01 ;-0.03 ;1.01 ;-29.06 ;-100.26 ;3099.73
-0.00 ;-0.03 ;1.01 ;-29.06 ;-100.30 ;3100.75
-0.01 ;-0.03 ;1.01 ;-29.07 ;-100.33 ;3101.76
-0.01 ;-0.03 ;1.01 ;-29.07 ;-100.36 ;3102.77
-0.01 ;-0.03 ;1.01 ;-29.08 ;-100.39 ;3103.78
-0.01 ;-0.03 ;1.01 ;-29.09 ;-100.42 ;3104.79
-0.01 ;-0.03 ;1.01 ;-29.09 ;-100.46 ;3105.80
-0.01 ;-0.03 ;1.01 ;-29.10 ;-100.49 ;3106.82
-0.01 ;-0.03 ;1.01 ;-29.10 ;-100.52 ;3107.83
-0.01 ;-0.03 ;1.01 ;-29.11 ;-100.55 ;3108.84
-0.01 ;-0.03 ;1.01 ;-29.11 ;-100.58 ;3109.85
-0.01 ;-0.03 ;1.01 ;-29.12 ;-100.62 ;3110.87
-0.01 ;-0.03 ;1.01 ;-29.13 ;-100.65 ;3111.88
-0.01 ;-0.03 ;1.01 ;-29.13 ;-100.68 ;3112.89
-0.01 ;-0.03 ;1.01 ;-29.14 ;-100.72 ;3113.90
-0.01 ;-0.03 ;1.01 ;-29.15 ;-100.75 ;3114.91
-0.01 ;-0.03 ;1.01 ;-29.15 ;-100.78 ;3115.92
-0.01 ;-0.03 ;1.01 ;-29.16 ;-100.81 ;3116.94
-0.01 ;-0.03 ;1.01 ;-29.16 ;-100.85 ;3117.95
-0.01 ;-0.03 ;1.01 ;-29.17 ;-100.88 ;3118.96
-0.01 ;-0.03 ;1.01 ;-29.18 ;-100.91 ;3119.97
-0.01 ;-0.03 ;1.01 ;-29.18 ;-100.94 ;3120.98
-0.01 ;-0.03 ;1.01 ;-29.19 ;-100.97 ;3122.00
-0.01 ;-0.03 ;1.01 ;-29.19 ;-101.01 ;3123.01
-0.01 ;-0.03 ;1.01 ;-29.20 ;-101.04 ;3124.02
-0.01 ;-0.03 ;1.01 ;-29.20 ;-101.07 ;3125.03
-0.01 ;-0.03 ;1.01 ;-29.21 ;-101.11 ;3126.04
-0.01 ;-0.03 ;1.01 ;-29.22 ;-101.14 ;3127.06
-0.01 ;-0.03 ;1.01 ;-29.22 ;-101.17 ;3128.07
-0.01 ;-0.03 ;1.01 ;-29.23 ;-101.20 ;3129.08
-0.01 ;-0.03 ;1.01 ;-29.23 ;-101.24 ;3130.09
-0.01 ;-0.03 ;1.01 ;-29.24 ;-101.27 ;3131.10
-0.01 ;-0.03 ;1.01 ;-29.25 ;-101.30 ;3132.11
-0.01 ;-0.03 ;1.01 ;-29.25 ;-101.34 ;3133.13
-0.01 ;-0.03 ;1.01 ;-29.26 ;-101.37 ;3134.14
-0.01 ;-0.03 ;1.01 ;-29.26 ;-101.40 ;3135.15
-0.01 ;-0.03 ;1.01 ;-29.27 ;-101.43 ;3136.16
-0.01 ;-0.03 ;1.01 ;-29.28 ;-101.47 ;3137.18
-0.01 ;-0.03 ;1.01 ;-29.28 ;-101.50 ;3138.19
-0.01 ;-0.03 ;1.01 ;-29.29 ;-101.53 ;3139.20
-0.01 ;-0.03 ;1.01 ;-29.29 ;-101.56 ;3140.21
-0.01 ;-0.03 ;1.01 ;-29.30 ;-101.60 ;3141.22
-0.01 ;-0.03 ;1.01 ;-29.31 ;-101.63 ;3142.23
-0.01 ;-0.03 ;1.01 ;-29.31 ;-101.66 ;3143.25
-0.01 ;-0.03 ;1.01 ;-29.32 ;-101.69 ;3144.26
-0.01 ;-0.03 ;1.01 ;-29.32 ;-101.73 ;3145.27
-0.01 ;-0.03 ;1.01 ;-29.33 ;-101.76 ;3146.28
-0.01 ;-0.03 ;1.01 ;-29.34 ;-101.79 ;3147.29
-0.01 ;-0.03 ;1.01 ;-29.34 ;-101.82 ;3148.30
-0.01 ;-0.03 ;1.01 ;-29.35 ;-101.86 ;3149.32
-0.01 ;-0.03 ;1.01 ;-29.35 ;-101.89 ;3150.33
-0.01 ;-0.03 ;1.01 ;-29.36 ;-101.92 ;3151.34
-0.01 ;-0.03 ;1.01 ;-29.37 ;-101.95 ;3152.35
-0.01 ;-0.03 ;1.01 ;-29.37 ;-101.99 ;3153.36
-0.01 ;-0.03 ;1.01 ;-29.38 ;-102.02 ;3154.38
-0.01 ;-0.03 ;1.01 ;-29.38 ;-102.05 ;3155.39
-0.01 ;-0.03 ;1.01 ;-29.39 ;-102.08 ;3156.40
-0.01 ;-0.03 ;1.01 ;-29.40 ;-102.12 ;3157.41
-0.01 ;-0.03 ;1.01 ;-29.40 ;-102.15 ;3158.42
-0.01 ;-0.03 ;1.01 ;-29.41 ;-102.18 ;3159.44
-0.01 ;-0.03 ;1.01 ;-29.42 ;-102.21 ;3160.45
-0.01 ;-0.03 ;1.01 ;-29.42 ;-102.25 ;3161.46
-0.01 ;-0.03 ;1.01 ;-29.43 ;-102.28 ;3162.47
-0.01 ;-0.03 ;1.01 ;-29.43 ;-102.31 ;3163.48
-0.01 ;-0.03 ;1.01 ;-29.44 ;-102.34 ;3164.50
-0.01 ;-0.03 ;1.01 ;-29.44 ;-102.38 ;3165.51
-0.01 ;-0.03 ;1.01 ;-29.45 ;-102.41 ;3166.52
-0.01 ;-0.03 ;1.01 ;-29.46 ;-102.44 ;3167.53
-0.01 ;-0.03 ;1.01 ;-29.46 ;-102.47 ;3168.54
-0.01 ;-0.03 ;1.01 ;-29.47 ;-102.51 ;3169.56
-0.01 ;-0.03 ;1.01 ;-29.47 ;-102.54 ;3170.57
-0.01 ;-0.03 ;1.01 ;-29.48 ;-102.57 ;3171.58
-0.01 ;-0.03 ;1.01 ;-29.48 ;-102.60 ;3172.59
-0.01 ;-0.03 ;1.01 ;-29.49 ;-102.63 ;3173.60
-0.01 ;-0.03 ;1.01 ;-29.50 ;-102.67 ;3174.62
-0.01 ;-0.03 ;1.01 ;-29.50 ;-102.70 ;3175.63
-0.01 ;-0.03 ;1.01 ;-29.51 ;-102.73 ;3176.64
-0.01 ;-0.03 ;1.01 ;-29.51 ;-102.76 ;3177.65
-0.01 ;-0.03 ;1.01 ;-29.52 ;-102.79 ;3178.66
-0.01 ;-0.03 ;1.01 ;-29.52 ;-102.83 ;3179.68
-0.00 ;-0.03 ;1.01 ;-29.53 ;-102.86 ;3180.69
-0.01 ;-0.03 ;1.01 ;-29.53 ;-102.89 ;3181.70
-0.01 ;-0.03 ;1.01 ;-29.54 ;-102.93 ;3182.71
-0.01 ;-0.03 ;1.01 ;-29.55 ;-102.96 ;3183.72
-0.01 ;-0.03 ;1.01 ;-29.55 ;-102.99 ;3184.73
-0.01 ;-0.03 ;1.01 ;-29.56 ;-103.02 ;3185.75
-0.01 ;-0.03 ;1.01 ;-29.57 ;-103.06 ;3186.76
-0.01 ;-0.03 ;1.01 ;-29.57 ;-103.09 ;3187.77
-0.01 ;-0.03 ;1.01 ;-29.58 ;-103.12 ;3188.78
-0.01 ;-0.03 ;1.01 ;-29.58 ;-103.15 ;3189.80
-0.01 ;-0.03 ;1.01 ;-29.59 ;-103.19 ;3190.81
-0.01 ;-0.03 ;1.01 ;-29.60 ;-103.22 ;3191.82
-0.01 ;-0.03 ;1.01 ;-29.60 ;-103.25 ;3192.83
-0.01 ;-0.03 ;1.01 ;-29.61 ;-103.29 ;3193.85
-0.01 ;-0.03 ;1.01 ;-29.61 ;-103.32 ;3194.86
-0.01 ;-0.03 ;1.01 ;-29.62 ;-103.35 ;3195.87
-0.01 ;-0.03 ;1.01 ;-29.63 ;-103.38 ;3196.88
-0.01 ;-0.03 ;1.01 ;-29.63 ;-103.42 ;3197.89
-0.01 ;-0.03 ;1.01 ;-29.64 ;-103.45 ;3198.91
-0.01 ;-0.03 ;1.01 ;-29.64 ;-103.48 ;3199.92
-0.01 ;-0.03 ;1.01 ;-29.65 ;-103.52 ;3200.93
-0.01 ;-0.03 ;1.01 ;-29.66 ;-103.55 ;3201.94
-0.01 ;-0.03 ;1.01 ;-29.66 ;-103.58 ;3202.95
-0.01 ;-0.03 ;1.01 ;-29.67 ;-103.61 ;3203.97
-0.01 ;-0.03 ;1.01 ;-29.68 ;-103.64 ;3204.98
-0.01 ;-0.03 ;1.01 ;-29.68 ;-103.68 ;3205.99
-0.01 ;-0.03 ;1.01 ;-29.69 ;-103.71 ;3207.00
-0.01 ;-0.03 ;1.01 ;-29.69 ;-103.74 ;3208.01
-0.01 ;-0.03 ;1.01 ;-29.70 ;-103.78 ;3209.03
-0.01 ;-0.03 ;1.01 ;-29.70 ;-103.81 ;3210.04
-0.01 ;-0.03 ;1.01 ;-29.71 ;-103.84 ;3211.05
-0.01 ;-0.03 ;1.01 ;-29.72 ;-103.87 ;3212.06
-0.01 ;-0.03 ;1.01 ;-29.72 ;-103.90 ;3213.08
-0.01 ;-0.03 ;1.01 ;-29.73 ;-103.94 ;3214.09
-0.01 ;-0.03 ;1.01 ;-29.73 ;-103.97 ;3215.10
-0.01 ;-0.03 ;1.01 ;-29.74 ;-104.00 ;3216.11
-0.01 ;-0.03 ;1.01 ;-29.75 ;-104.03 ;3217.12
-0.01 ;-0.03 ;1.01 ;-29.75 ;-104.07 ;3218.14
-0.01 ;-0.03 ;1.01 ;-29.76 ;-104.10 ;3219.15
-0.01 ;-0.03 ;1.01 ;-29.76 ;-104.13 ;3220.16
-0.01 ;-0.03 ;1.01 ;-29.77 ;-104.16 ;3221.17
-0.01 ;-0.03 ;1.01 ;-29.78 ;-104.20 ;3222.19
-0.01 ;-0.03 ;1.01 ;-29.78 ;-104.23 ;3223.20
-0.01 ;-0.03 ;1.01 ;-29.79 ;-104.26 ;3224.21
-0.01 ;-0.03 ;1.01 ;-29.79 ;-104.29 ;3225.22
-0.01 ;-0.03 ;1.01 ;-29.80 ;-104.33 ;3226.23
-0.01 ;-0.03 ;1.01 ;-29.81 ;-104.36 ;3227.24
-0.01 ;-0.03 ;1.01 ;-29.81 ;-104.39 ;3228.25
-0.01 ;-0.03 ;1.01 ;-29.82 ;-104.42 ;3229.27
-0.01 ;-0.03 ;1.01 ;-29.82 ;-104.45 ;3230.28
-0.01 ;-0.03 ;1.01 ;-29.83 ;-104.49 ;3231.29
-0.01 ;-0.03 ;1.01 ;-29.84 ;-104.52 ;3232.30
-0.01 ;-0.03 ;1.01 ;-29.84 ;-104.55 ;3233.32
-0.01 ;-0.03 ;1.01 ;-29.85 ;-104.58 ;3234.33
-0.01 ;-0.03 ;1.01 ;-29.85 ;-104.62 ;3235.34
-0.01 ;-0.03 ;1.01 ;-29.86 ;-104.65 ;3236.35
-0.01 ;-0.03 ;1.01 ;-29.87 ;-104.68 ;3237.36
-0.01 ;-0.03 ;1.01 ;-29.87 ;-104.72 ;3238.38
-0.01 ;-0.03 ;1.01 ;-29.88 ;-104.75 ;3239.39
-0.01 ;-0.03 ;1.01 ;-29.89 ;-104.78 ;3240.40
-0.01 ;-0.03 ;1.01 ;-29.89 ;-104.81 ;3241.41
-0.01 ;-0.03 ;1.01 ;-29.90 ;-104.85 ;3242.43
-0.01 ;-0.03 ;1.01 ;-29.91 ;-104.88 ;3243.44
-0.01 ;-0.03 ;1.01 ;-29.91 ;-104.91 ;3244.45
-0.01 ;-0.03 ;1.01 ;-29.92 ;-104.95 ;3245.46
-0.01 ;-0.03 ;1.01 ;-29.92 ;-104.98 ;3246.48
-0.01 ;-0.03 ;1.01 ;-29.93 ;-105.01 ;3247.49
-0.01 ;-0.03 ;1.01 ;-29.94 ;-105.04 ;3248.50
-0.01 ;-0.03 ;1.01 ;-29.94 ;-105.07 ;3249.51
-0.01 ;-0.03 ;1.01 ;-29.95 ;-105.11 ;3250.52
-0.01 ;-0.03 ;1.01 ;-29.95 ;-105.14 ;3251.54
-0.01 ;-0.03 ;1.01 ;-29.96 ;-105.17 ;3252.55
-0.01 ;-0.03 ;1.01 ;-29.97 ;-105.21 ;3253.56
-0.01 ;-0.03 ;1.01 ;-29.97 ;-105.24 ;3254.57
-0.01 ;-0.03 ;1.01 ;-29.98 ;-105.27 ;3255.59
-0.01 ;-0.03 ;1.01 ;-29.98 ;-105.30 ;3256.60
-0.01 ;-0.03 ;1.01 ;-29.99 ;-105.34 ;3257.61
-0.01 ;-0.03 ;1.01 ;-30.00 ;-105.37 ;3258.62
-0.01 ;-0.03 ;1.01 ;-30.01 ;-105.40 ;3259.63
-0.01 ;-0.03 ;1.01 ;-30.01 ;-105.43 ;3260.65
-0.01 ;-0.03 ;1.01 ;-30.02 ;-105.47 ;3261.66
-0.01 ;-0.03 ;1.01 ;-30.02 ;-105.50 ;3262.67
-0.01 ;-0.03 ;1.01 ;-30.03 ;-105.53 ;3263.68
-0.01 ;-0.03 ;1.01 ;-30.03 ;-105.56 ;3264.70
-0.01 ;-0.03 ;1.01 ;-30.04 ;-105.60 ;3265.71
-0.01 ;-0.03 ;1.01 ;-30.05 ;-105.63 ;3266.72
-0.01 ;-0.03 ;1.01 ;-30.05 ;-105.66 ;3267.73
-0.01 ;-0.03 ;1.01 ;-30.06 ;-105.69 ;3268.75
-0.01 ;-0.03 ;1.01 ;-30.06 ;-105.72 ;3269.76
-0.01 ;-0.03 ;1.01 ;-30.07 ;-105.76 ;3270.77
-0.01 ;-0.03 ;1.01 ;-30.08 ;-105.79 ;3271.78
-0.01 ;-0.03 ;1.01 ;-30.08 ;-105.82 ;3272.80
-0.01 ;-0.03 ;1.01 ;-30.09 ;-105.85 ;3273.81
-0.01 ;-0.03 ;1.01 ;-30.09 ;-105.88 ;3274.82
-0.01 ;-0.03 ;1.01 ;-30.10 ;-105.92 ;3275.83
-0.01 ;-0.03 ;1.01 ;-30.10 ;-105.95 ;3276.85
-0.01 ;-0.03 ;1.01 ;-30.11 ;-105.98 ;3277.86
-0.01 ;-0.03 ;1.01 ;-30.12 ;-106.01 ;3278.87
-0.01 ;-0.03 ;1.01 ;-30.12 ;-106.05 ;3279.88
-0.01 ;-0.03 ;1.01 ;-30.13 ;-106.08 ;3280.90
-0.01 ;-0.03 ;1.01 ;-30.13 ;-106.11 ;3281.91
-0.01 ;-0.03 ;1.01 ;-30.14 ;-106.14 ;3282.92
-0.01 ;-0.03 ;1.01 ;-30.15 ;-106.18 ;3283.93
-0.01 ;-0.03 ;1.01 ;-30.15 ;-106.21 ;3284.95
-0.00 ;-0.03 ;1.01 ;-30.16 ;-106.24 ;3285.96
-0.01 ;-0.03 ;1.01 ;-30.16 ;-106.27 ;3286.97
-0.01 ;-0.03 ;1.01 ;-30.17 ;-106.31 ;3287.98
-0.01 ;-0.03 ;1.01 ;-30.17 ;-106.34 ;3288.99
-0.01 ;-0.03 ;1.01 ;-30.18 ;-106.37 ;3290.01
-0.01 ;-0.03 ;1.01 ;-30.18 ;-106.40 ;3291.02
-0.01 ;-0.03 ;1.01 ;-30.19 ;-106.44 ;3292.03
-0.01 ;-0.03 ;1.01 ;-30.20 ;-106.47 ;3293.04
-0.01 ;-0.03 ;1.01 ;-30.21 ;-106.50 ;3294.05
-0.01 ;-0.03 ;1.01 ;-30.21 ;-106.53 ;3295.07
-0.01 ;-0.03 ;1.01 ;-30.22 ;-106.57 ;3296.08
-0.01 ;-0.03 ;1.01 ;-30.22 ;-106.60 ;3297.09
-0.01 ;-0.03 ;1.01 ;-30.23 ;-106.63 ;3298.10
-0.01 ;-0.03 ;1.01 ;-30.24 ;-106.66 ;3299.12
-0.01 ;-0.03 ;1.01 ;-30.24 ;-106.70 ;3300.13
-0.01 ;-0.03 ;1.01 ;-30.25 ;-106.73 ;3301.14
-0.01 ;-0.03 ;1.01 ;-30.25 ;-106.76 ;3302.15
-0.01 ;-0.03 ;1.01 ;-30.26 ;-106.79 ;3303.16
-0.01 ;-0.03 ;1.01 ;-30.27 ;-106.83 ;3304.18
-0.01 ;-0.03 ;1.01 ;-30.27 ;-106.86 ;3305.19
-0.01 ;-0.03 ;1.01 ;-30.28 ;-106.89 ;3306.20
-0.01 ;-0.03 ;1.01 ;-30.29 ;-106.93 ;3307.21
-0.01 ;-0.03 ;1.01 ;-30.29 ;-106.96 ;3308.23
-0.01 ;-0.03 ;1.01 ;-30.30 ;-106.99 ;3309.24
-0.01 ;-0.03 ;1.01 ;-30.30 ;-107.02 ;3310.25
-0.01 ;-0.03 ;1.01 ;-30.31 ;-107.06 ;3311.26
-0.01 ;-0.03 ;1.01 ;-30.32 ;-107.09 ;3312.27
-0.01 ;-0.03 ;1.01 ;-30.32 ;-107.12 ;3313.29
-0.01 ;-0.03 ;1.01 ;-30.33 ;-107.15 ;3314.30
-0.01 ;-0.03 ;1.01 ;-30.34 ;-107.18 ;3315.31
-0.01 ;-0.03 ;1.01 ;-30.34 ;-107.22 ;3316.32
-0.01 ;-0.03 ;1.01 ;-30.35 ;-107.25 ;3317.34
-0.01 ;-0.03 ;1.01 ;-30.35 ;-107.28 ;3318.35
-0.01 ;-0.03 ;1.01 ;-30.36 ;-107.31 ;3319.36
-0.01 ;-0.03 ;1.01 ;-30.36 ;-107.35 ;3320.37
-0.01 ;-0.03 ;1.01 ;-30.37 ;-107.38 ;3321.38
-0.01 ;-0.03 ;1.01 ;-30.37 ;-107.41 ;3322.40
-0.01 ;-0.03 ;1.01 ;-30.38 ;-107.44 ;3323.41
-0.01 ;-0.03 ;1.01 ;-30.39 ;-107.47 ;3324.42
-0.01 ;-0.03 ;1.01 ;-30.39 ;-107.51 ;3325.43
-0.01 ;-0.03 ;1.01 ;-30.40 ;-107.54 ;3326.45
-0.01 ;-0.03 ;1.01 ;-30.41 ;-107.57 ;3327.46
-0.01 ;-0.03 ;1.01 ;-30.41 ;-107.61 ;3328.47
-0.01 ;-0.03 ;1.01 ;-30.42 ;-107.64 ;3329.48
-0.01 ;-0.03 ;1.01 ;-30.42 ;-107.67 ;3330.50
-0.01 ;-0.03 ;1.01 ;-30.43 ;-107.70 ;3331.51
-0.01 ;-0.03 ;1.01 ;-30.44 ;-107.74 ;3332.52
-0.01 ;-0.03 ;1.01 ;-30.44 ;-107.77 ;3333.53
-0.01 ;-0.03 ;1.01 ;-30.45 ;-107.80 ;3334.55
-0.01 ;-0.03 ;1.01 ;-30.45 ;-107.83 ;3335.56
-0.01 ;-0.03 ;1.01 ;-30.46 ;-107.86 ;3336.57
-0.01 ;-0.03 ;1.01 ;-30.47 ;-107.90 ;3337.58
-0.01 ;-0.03 ;1.01 ;-30.47 ;-107.93 ;3338.59
-0.01 ;-0.03 ;1.01 ;-30.48 ;-107.96 ;3339.61
-0.00 ;-0.03 ;1.01 ;-30.48 ;-108.00 ;3340.62
-0.01 ;-0.03 ;1.01 ;-30.49 ;-108.03 ;3341.63
-0.01 ;-0.03 ;1.01 ;-30.50 ;-108.06 ;3342.64
-0.01 ;-0.03 ;1.01 ;-30.50 ;-108.09 ;3343.66
-0.01 ;-0.03 ;1.01 ;-30.51 ;-108.13 ;3344.67
-0.01 ;-0.03 ;1.01 ;-30.52 ;-108.16 ;3345.68
-0.01 ;-0.03 ;1.01 ;-30.52 ;-108.19 ;3346.69
-0.01 ;-0.03 ;1.01 ;-30.53 ;-108.23 ;3347.71
-0.01 ;-0.03 ;1.01 ;-30.53 ;-108.26 ;3348.72
-0.01 ;-0.03 ;1.01 ;-30.54 ;-108.29 ;3349.73
-0.01 ;-0.03 ;1.01 ;-30.55 ;-108.32 ;3350.74
-0.01 ;-0.03 ;1.01 ;-30.55 ;-108.35 ;3351.75
-0.01 ;-0.03 ;1.01 ;-30.56 ;-108.38 ;3352.77
-0.01 ;-0.03 ;1.01 ;-30.56 ;-108.42 ;3353.78
-0.01 ;-0.03 ;1.01 ;-30.57 ;-108.45 ;3354.79
-0.01 ;-0.03 ;1.01 ;-30.58 ;-108.48 ;3355.80
-0.01 ;-0.03 ;1.01 ;-30.58 ;-108.52 ;3356.82
-0.01 ;-0.03 ;1.01 ;-30.59 ;-108.55 ;3357.83
-0.01 ;-0.03 ;1.01 ;-30.59 ;-108.58 ;3358.84
-0.01 ;-0.03 ;1.01 ;-30.60 ;-108.61 ;3359.85
-0.01 ;-0.03 ;1.01 ;-30.61 ;-108.65 ;3360.87
-0.01 ;-0.03 ;1.01 ;-30.61 ;-108.68 ;3361.88
-0.01 ;-0.03 ;1.01 ;-30.62 ;-108.71 ;3362.89
-0.01 ;-0.03 ;1.01 ;-30.62 ;-108.74 ;3363.90
-0.01 ;-0.03 ;1.01 ;-30.63 ;-108.77 ;3364.92
-0.01 ;-0.03 ;1.01 ;-30.64 ;-108.81 ;3365.93
-0.01 ;-0.03 ;1.01 ;-30.64 ;-108.84 ;3366.94
-0.01 ;-0.03 ;1.01 ;-30.65 ;-108.87 ;3367.95
-0.01 ;-0.03 ;1.01 ;-30.65 ;-108.90 ;3368.97
-0.01 ;-0.03 ;1.01 ;-30.66 ;-108.94 ;3369.98
-0.01 ;-0.03 ;1.01 ;-30.67 ;-108.97 ;3370.99
-0.01 ;-0.03 ;1.01 ;-30.67 ;-109.00 ;3372.00
-0.01 ;-0.03 ;1.01 ;-30.68 ;-109.03 ;3373.01
-0.01 ;-0.03 ;1.01 ;-30.68 ;-109.07 ;3374.03
-0.01 ;-0.03 ;1.01 ;-30.69 ;-109.10 ;3375.04
-0.01 ;-0.03 ;1.01 ;-30.69 ;-109.13 ;3376.05
-0.01 ;-0.03 ;1.01 ;-30.70 ;-109.16 ;3377.06
-0.01 ;-0.03 ;1.01 ;-30.71 ;-109.19 ;3378.08
-0.01 ;-0.03 ;1.01 ;-30.71 ;-109.23 ;3379.09
-0.01 ;-0.03 ;1.01 ;-30.72 ;-109.26 ;3380.10
-0.01 ;-0.03 ;1.01 ;-30.72 ;-109.29 ;3381.11
-0.01 ;-0.03 ;1.01 ;-30.73 ;-109.32 ;3382.13
-0.01 ;-0.03 ;1.01 ;-30.73 ;-109.36 ;3383.14
-0.01 ;-0.03 ;1.01 ;-30.74 ;-109.39 ;3384.15
-0.01 ;-0.03 ;1.01 ;-30.75 ;-109.42 ;3385.16
-0.01 ;-0.03 ;1.01 ;-30.75 ;-109.45 ;3386.17
-0.01 ;-0.03 ;1.01 ;-30.76 ;-109.48 ;3387.19
-0.01 ;-0.03 ;1.01 ;-30.77 ;-109.52 ;3388.20
-0.01 ;-0.03 ;1.01 ;-30.77 ;-109.55 ;3389.21
-0.01 ;-0.03 ;1.01 ;-30.78 ;-109.58 ;3390.22
-0.01 ;-0.03 ;1.01 ;-30.78 ;-109.61 ;3391.24
-0.01 ;-0.03 ;1.01 ;-30.79 ;-109.65 ;3392.25
-0.01 ;-0.03 ;1.01 ;-30.80 ;-109.68 ;3393.26
-0.01 ;-0.03 ;1.01 ;-30.80 ;-109.71 ;3394.27
-0.01 ;-0.03 ;1.01 ;-30.81 ;-109.74 ;3395.28
-0.01 ;-0.03 ;1.01 ;-30.82 ;-109.78 ;3396.30
-0.01 ;-0.03 ;1.01 ;-30.82 ;-109.81 ;3397.31
-0.01 ;-0.03 ;1.01 ;-30.83 ;-109.84 ;3398.32
-0.01 ;-0.03 ;1.01 ;-30.84 ;-109.87 ;3399.33
-0.01 ;-0.03 ;1.01 ;-30.84 ;-109.91 ;3400.35
-0.01 ;-0.03 ;1.01 ;-30.85 ;-109.94 ;3401.36
-0.01 ;-0.03 ;1.01 ;-30.85 ;-109.97 ;3402.37
-0.01 ;-0.03 ;1.01 ;-30.86 ;-110.00 ;3403.38
-0.01 ;-0.03 ;1.01 ;-30.86 ;-110.03 ;3404.40
-0.01 ;-0.03 ;1.01 ;-30.87 ;-110.07 ;3405.41
-0.01 ;-0.03 ;1.01 ;-30.88 ;-110.10 ;3406.42
-0.01 ;-0.03 ;1.01 ;-30.88 ;-110.13 ;3407.43
-0.01 ;-0.03 ;1.01 ;-30.89 ;-110.16 ;3408.45
-0.01 ;-0.03 ;1.01 ;-30.89 ;-110.20 ;3409.46
-0.01 ;-0.03 ;1.01 ;-30.90 ;-110.23 ;3410.47
-0.01 ;-0.03 ;1.01 ;-30.91 ;-110.26 ;3411.48
-0.01 ;-0.03 ;1.01 ;-30.91 ;-110.29 ;3412.49
-0.01 ;-0.03 ;1.01 ;-30.92 ;-110.33 ;3413.51
-0.01 ;-0.03 ;1.01 ;-30.92 ;-110.36 ;3414.52
-0.01 ;-0.03 ;1.01 ;-30.93 ;-110.39 ;3415.53
-0.01 ;-0.03 ;1.01 ;-30.93 ;-110.42 ;3416.54
-0.01 ;-0.03 ;1.01 ;-30.94 ;-110.46 ;3417.56
-0.01 ;-0.03 ;1.01 ;-30.95 ;-110.49 ;3418.57
-0.01 ;-0.03 ;1.01 ;-30.95 ;-110.52 ;3419.58
-0.01 ;-0.03 ;1.01 ;-30.96 ;-110.56 ;3420.59
-0.01 ;-0.03 ;1.01 ;-30.97 ;-110.59 ;3421.60
-0.01 ;-0.03 ;1.01 ;-30.97 ;-110.62 ;3422.62
-0.01 ;-0.03 ;1.01 ;-30.98 ;-110.65 ;3423.63
-0.01 ;-0.03 ;1.01 ;-30.98 ;-110.69 ;3424.64
-0.01 ;-0.03 ;1.01 ;-30.99 ;-110.72 ;3425.65
-0.01 ;-0.03 ;1.01 ;-31.00 ;-110.75 ;3426.67
-0.01 ;-0.03 ;1.01 ;-31.00 ;-110.78 ;3427.68
-0.01 ;-0.03 ;1.01 ;-31.01 ;-110.82 ;3428.69
-0.01 ;-0.03 ;1.01 ;-31.01 ;-110.85 ;3429.70
-0.01 ;-0.03 ;1.01 ;-31.02 ;-110.88 ;3430.72
-0.01 ;-0.03 ;1.01 ;-31.03 ;-110.91 ;3431.73
-0.01 ;-0.03 ;1.01 ;-31.03 ;-110.95 ;3432.74
-0.01 ;-0.03 ;1.01 ;-31.04 ;-110.98 ;3433.75
-0.01 ;-0.03 ;1.01 ;-31.04 ;-111.01 ;3434.77
-0.01 ;-0.03 ;1.01 ;-31.05 ;-111.04 ;3435.78
-0.01 ;-0.03 ;1.01 ;-31.06 ;-111.08 ;3436.79
-0.01 ;-0.03 ;1.01 ;-31.06 ;-111.11 ;3437.80
-0.01 ;-0.03 ;1.01 ;-31.07 ;-111.14 ;3438.82
-0.01 ;-0.03 ;1.01 ;-31.08 ;-111.17 ;3439.83
-0.01 ;-0.03 ;1.01 ;-31.08 ;-111.20 ;3440.84
-0.01 ;-0.03 ;1.01 ;-31.09 ;-111.23 ;3441.85
-0.01 ;-0.03 ;1.01 ;-31.09 ;-111.27 ;3442.87
-0.00 ;-0.03 ;1.01 ;-31.10 ;-111.30 ;3443.88
-0.01 ;-0.03 ;1.01 ;-31.10 ;-111.33 ;3444.89
-0.01 ;-0.03 ;1.01 ;-31.11 ;-111.37 ;3445.90
-0.01 ;-0.03 ;1.01 ;-31.11 ;-111.40 ;3446.92
-0.01 ;-0.03 ;1.01 ;-31.12 ;-111.43 ;3447.93
-0.01 ;-0.03 ;1.01 ;-31.12 ;-111.46 ;3448.94
-0.01 ;-0.03 ;1.01 ;-31.13 ;-111.49 ;3449.95
-0.00 ;-0.03 ;1.01 ;-31.13 ;-111.53 ;3450.96
-0.01 ;-0.03 ;1.01 ;-31.14 ;-111.56 ;3451.98
-0.01 ;-0.03 ;1.01 ;-31.15 ;-111.59 ;3452.99
-0.01 ;-0.03 ;1.01 ;-31.16 ;-111.63 ;3454.00
-0.01 ;-0.03 ;1.01 ;-31.16 ;-111.66 ;3455.01
-0.01 ;-0.03 ;1.01 ;-31.17 ;-111.69 ;3456.02
-0.01 ;-0.03 ;1.01 ;-31.17 ;-111.72 ;3457.04
-0.00 ;-0.03 ;1.01 ;-31.18 ;-111.75 ;3458.05
-0.01 ;-0.03 ;1.01 ;-31.19 ;-111.79 ;3459.06
-0.01 ;-0.03 ;1.01 ;-31.19 ;-111.82 ;3460.07
-0.01 ;-0.03 ;1.01 ;-31.20 ;-111.85 ;3461.09
-0.01 ;-0.03 ;1.01 ;-31.20 ;-111.89 ;3462.10
-0.01 ;-0.03 ;1.01 ;-31.21 ;-111.92 ;3463.11
-0.01 ;-0.03 ;1.01 ;-31.21 ;-111.95 ;3464.13
-0.01 ;-0.03 ;1.01 ;-31.22 ;-111.98 ;3465.14
-0.01 ;-0.03 ;1.01 ;-31.23 ;-112.01 ;3466.15
-0.01 ;-0.03 ;1.01 ;-31.23 ;-112.05 ;3467.16
-0.00 ;-0.03 ;1.01 ;-31.24 ;-112.08 ;3468.17
-0.01 ;-0.03 ;1.01 ;-31.24 ;-112.11 ;3469.19
-0.01 ;-0.03 ;1.01 ;-31.25 ;-112.14 ;3470.20
-0.01 ;-0.03 ;1.01 ;-31.26 ;-112.18 ;3471.21
-0.01 ;-0.03 ;1.01 ;-31.26 ;-112.21 ;3472.22
-0.01 ;-0.03 ;1.01 ;-31.27 ;-112.24 ;3473.24
-0.01 ;-0.03 ;1.01 ;-31.28 ;-112.27 ;3474.25
-0.01 ;-0.03 ;1.01 ;-31.28 ;-112.31 ;3475.26
-0.01 ;-0.03 ;1.01 ;-31.29 ;-112.34 ;3476.27
-0.01 ;-0.03 ;1.01 ;-31.29 ;-112.37 ;3477.29
-0.01 ;-0.03 ;1.01 ;-31.30 ;-112.40 ;3478.30
-0.01 ;-0.03 ;1.01 ;-31.31 ;-112.44 ;3479.31
-0.01 ;-0.03 ;1.01 ;-31.31 ;-112.47 ;3480.32
-0.01 ;-0.03 ;1.01 ;-31.32 ;-112.50 ;3481.33
-0.01 ;-0.03 ;1.01 ;-31.33 ;-112.53 ;3482.34
-0.01 ;-0.03 ;1.01 ;-31.33 ;-112.56 ;3483.36
-0.01 ;-0.03 ;1.01 ;-31.34 ;-112.60 ;3484.37
-0.01 ;-0.03 ;1.01 ;-31.34 ;-112.63 ;3485.38
-0.01 ;-0.03 ;1.01 ;-31.35 ;-112.66 ;3486.39
-0.01 ;-0.03 ;1.01 ;-31.36 ;-112.70 ;3487.41
-0.01 ;-0.03 ;1.01 ;-31.36 ;-112.73 ;3488.42
-0.01 ;-0.03 ;1.01 ;-31.37 ;-112.76 ;3489.43
-0.01 ;-0.03 ;1.01 ;-31.38 ;-112.79 ;3490.44
-0.01 ;-0.03 ;1.01 ;-31.38 ;-112.82 ;3491.46
-0.01 ;-0.03 ;1.01 ;-31.39 ;-112.86 ;3492.47
-0.01 ;-0.03 ;1.01 ;-31.39 ;-112.89 ;3493.48
-0.01 ;-0.03 ;1.01 ;-31.40 ;-112.92 ;3494.49
-0.01 ;-0.03 ;1.01 ;-31.40 ;-112.95 ;3495.50
-0.01 ;-0.03 ;1.01 ;-31.41 ;-112.99 ;3496.52
-0.01 ;-0.03 ;1.01 ;-31.42 ;-113.02 ;3497.53
-0.01 ;-0.03 ;1.01 ;-31.42 ;-113.05 ;3498.54
-0.01 ;-0.03 ;1.01 ;-31.43 ;-113.09 ;3499.55
-0.01 ;-0.03 ;1.01 ;-31.44 ;-113.12 ;3500.56
-0.01 ;-0.03 ;1.01 ;-31.45 ;-113.15 ;3501.58
-0.01 ;-0.03 ;1.01 ;-31.45 ;-113.18 ;3502.59
-0.01 ;-0.03 ;1.01 ;-31.46 ;-113.21 ;3503.60
-0.01 ;-0.03 ;1.01 ;-31.46 ;-113.25 ;3504.61
-0.01 ;-0.03 ;1.01 ;-31.47 ;-113.28 ;3505.63
-0.01 ;-0.03 ;1.01 ;-31.48 ;-113.31 ;3506.64
-0.01 ;-0.03 ;1.01 ;-31.48 ;-113.34 ;3507.65
-0.01 ;-0.03 ;1.01 ;-31.49 ;-113.37 ;3508.66
-0.01 ;-0.03 ;1.01 ;-31.49 ;-113.41 ;3509.67
-0.01 ;-0.03 ;1.01 ;-31.50 ;-113.44 ;3510.69
-0.01 ;-0.03 ;1.01 ;-31.51 ;-113.47 ;3511.70
-0.01 ;-0.03 ;1.01 ;-31.51 ;-113.50 ;3512.71
-0.01 ;-0.03 ;1.01 ;-31.52 ;-113.54 ;3513.72
-0.01 ;-0.03 ;1.01 ;-31.52 ;-113.57 ;3514.73
-0.00 ;-0.03 ;1.01 ;-31.53 ;-113.60 ;3515.75
-0.00 ;-0.03 ;1.01 ;-31.53 ;-113.64 ;3516.76
-0.00 ;-0.03 ;1.01 ;-31.54 ;-113.67 ;3517.77
-0.01 ;-0.03 ;1.01 ;-31.54 ;-113.70 ;3518.78
-0.01 ;-0.03 ;1.01 ;-31.55 ;-113.73 ;3519.80
-0.00 ;-0.03 ;1.01 ;-31.55 ;-113.77 ;3520.81
-0.01 ;-0.03 ;1.01 ;-31.56 ;-113.80 ;3521.82
-0.01 ;-0.03 ;1.01 ;-31.57 ;-113.83 ;3522.83
-0.01 ;-0.03 ;1.01 ;-31.57 ;-113.87 ;3523.85
-0.01 ;-0.03 ;1.01 ;-31.58 ;-113.90 ;3524.86
-0.01 ;-0.03 ;1.01 ;-31.59 ;-113.93 ;3525.87
-0.01 ;-0.03 ;1.01 ;-31.59 ;-113.96 ;3526.88
-0.01 ;-0.03 ;1.01 ;-31.60 ;-113.99 ;3527.89
-0.01 ;-0.03 ;1.01 ;-31.60 ;-114.03 ;3528.91
-0.01 ;-0.03 ;1.01 ;-31.61 ;-114.06 ;3529.92
-0.01 ;-0.03 ;1.01 ;-31.61 ;-114.09 ;3530.93
-0.01 ;-0.03 ;1.01 ;-31.62 ;-114.13 ;3531.94
-0.01 ;-0.03 ;1.01 ;-31.63 ;-114.16 ;3532.96
-0.01 ;-0.03 ;1.01 ;-31.63 ;-114.19 ;3533.97
-0.01 ;-0.03 ;1.01 ;-31.64 ;-114.22 ;3534.98
-0.01 ;-0.03 ;1.01 ;-31.64 ;-114.26 ;3535.99
-0.01 ;-0.03 ;1.01 ;-31.65 ;-114.29 ;3537.00
-0.01 ;-0.03 ;1.01 ;-31.66 ;-114.32 ;3538.02
-0.01 ;-0.03 ;1.01 ;-31.66 ;-114.35 ;3539.03
-0.01 ;-0.03 ;1.01 ;-31.67 ;-114.39 ;3540.04
-0.01 ;-0.03 ;1.01 ;-31.67 ;-114.42 ;3541.05
-0.01 ;-0.03 ;1.01 ;-31.68 ;-114.45 ;3542.06
-0.01 ;-0.03 ;1.01 ;-31.69 ;-114.48 ;3543.08
-0.01 ;-0.03 ;1.01 ;-31.69 ;-114.52 ;3544.09
-0.01 ;-0.03 ;1.01 ;-31.70 ;-114.55 ;3545.10
-0.01 ;-0.03 ;1.01 ;-31.70 ;-114.58 ;3546.11
-0.01 ;-0.03 ;1.01 ;-31.71 ;-114.61 ;3547.13
-0.01 ;-0.03 ;1.01 ;-31.71 ;-114.65 ;3548.14
-0.01 ;-0.03 ;1.01 ;-31.72 ;-114.68 ;3549.15
-0.01 ;-0.03 ;1.01 ;-31.73 ;-114.71 ;3550.16
-0.01 ;-0.03 ;1.01 ;-31.74 ;-114.75 ;3551.17
-0.01 ;-0.03 ;1.01 ;-31.74 ;-114.78 ;3552.19
-0.01 ;-0.03 ;1.01 ;-31.75 ;-114.81 ;3553.20
-0.01 ;-0.03 ;1.01 ;-31.75 ;-114.84 ;3554.21
-0.01 ;-0.03 ;1.01 ;-31.76 ;-114.87 ;3555.22
-0.01 ;-0.03 ;1.01 ;-31.76 ;-114.91 ;3556.23
-0.01 ;-0.03 ;1.01 ;-31.77 ;-114.94 ;3557.25
-0.01 ;-0.03 ;1.01 ;-31.78 ;-114.97 ;3558.26
-0.01 ;-0.03 ;1.01 ;-31.78 ;-115.01 ;3559.27
-0.01 ;-0.03 ;1.01 ;-31.79 ;-115.04 ;3560.28
-0.01 ;-0.03 ;1.01 ;-31.79 ;-115.07 ;3561.29
-0.01 ;-0.03 ;1.01 ;-31.80 ;-115.11 ;3562.30
-0.01 ;-0.03 ;1.01 ;-31.81 ;-115.14 ;3563.32
-0.01 ;-0.03 ;1.01 ;-31.81 ;-115.17 ;3564.33
-0.01 ;-0.03 ;1.01 ;-31.82 ;-115.20 ;3565.34
-0.01 ;-0.03 ;1.01 ;-31.82 ;-115.23 ;3566.35
-0.01 ;-0.03 ;1.01 ;-31.83 ;-115.27 ;3567.36
-0.01 ;-0.03 ;1.01 ;-31.84 ;-115.30 ;3568.38
-0.01 ;-0.03 ;1.01 ;-31.84 ;-115.33 ;3569.39
-0.00 ;-0.03 ;1.01 ;-31.85 ;-115.36 ;3570.40
-0.00 ;-0.03 ;1.01 ;-31.85 ;-115.40 ;3571.41
-0.01 ;-0.03 ;1.01 ;-31.86 ;-115.43 ;3572.42
-0.01 ;-0.03 ;1.01 ;-31.86 ;-115.46 ;3573.44
-0.01 ;-0.03 ;1.01 ;-31.87 ;-115.50 ;3574.45
-0.01 ;-0.03 ;1.01 ;-31.87 ;-115.53 ;3575.46
-0.01 ;-0.03 ;1.01 ;-31.88 ;-115.56 ;3576.47
-0.01 ;-0.03 ;1.01 ;-31.89 ;-115.59 ;3577.48
-0.01 ;-0.03 ;1.01 ;-31.89 ;-115.62 ;3578.50
-0.01 ;-0.03 ;1.01 ;-31.90 ;-115.66 ;3579.51
-0.01 ;-0.03 ;1.01 ;-31.90 ;-115.69 ;3580.52
-0.01 ;-0.03 ;1.01 ;-31.91 ;-115.72 ;3581.53
-0.01 ;-0.03 ;1.01 ;-31.92 ;-115.76 ;3582.55
-0.00 ;-0.03 ;1.01 ;-31.92 ;-115.79 ;3583.56
-0.01 ;-0.03 ;1.01 ;-31.93 ;-115.82 ;3584.57
-0.01 ;-0.03 ;1.01 ;-31.93 ;-115.86 ;3585.58
-0.01 ;-0.03 ;1.01 ;-31.94 ;-115.89 ;3586.60
-0.01 ;-0.03 ;1.01 ;-31.94 ;-115.92 ;3587.61
-0.01 ;-0.03 ;1.01 ;-31.95 ;-115.95 ;3588.62
-0.01 ;-0.03 ;1.01 ;-31.96 ;-115.99 ;3589.63
-0.01 ;-0.03 ;1.01 ;-31.96 ;-116.02 ;3590.64
-0.01 ;-0.03 ;1.01 ;-31.97 ;-116.05 ;3591.66
-0.00 ;-0.03 ;1.01 ;-31.97 ;-116.08 ;3592.67
-0.00 ;-0.03 ;1.01 ;-31.98 ;-116.12 ;3593.68
-0.00 ;-0.03 ;1.01 ;-31.98 ;-116.15 ;3594.69
-0.01 ;-0.03 ;1.01 ;-31.99 ;-116.18 ;3595.71
-0.01 ;-0.03 ;1.01 ;-31.99 ;-116.21 ;3596.72
-0.01 ;-0.03 ;1.01 ;-32.00 ;-116.25 ;3597.73
-0.01 ;-0.03 ;1.01 ;-32.01 ;-116.28 ;3598.74
-0.01 ;-0.03 ;1.01 ;-32.01 ;-116.31 ;3599.75
-0.01 ;-0.03 ;1.01 ;-32.02 ;-116.35 ;3600.77
-0.01 ;-0.03 ;1.01 ;-32.02 ;-116.38 ;3601.78
-0.01 ;-0.03 ;1.01 ;-32.03 ;-116.41 ;3602.79
-0.01 ;-0.03 ;1.01 ;-32.03 ;-116.45 ;3603.80
-0.00 ;-0.03 ;1.01 ;-32.04 ;-116.48 ;3604.82
-0.01 ;-0.03 ;1.01 ;-32.04 ;-116.51 ;3605.83
-0.00 ;-0.03 ;1.01 ;-32.05 ;-116.54 ;3606.84
-0.00 ;-0.03 ;1.01 ;-32.05 ;-116.58 ;3607.85
-0.01 ;-0.03 ;1.01 ;-32.06 ;-116.61 ;3608.86
-0.01 ;-0.03 ;1.01 ;-32.07 ;-116.64 ;3609.88
-0.01 ;-0.03 ;1.01 ;-32.07 ;-116.67 ;3610.89
-0.01 ;-0.03 ;1.01 ;-32.08 ;-116.71 ;3611.90
-0.00 ;-0.03 ;1.01 ;-32.08 ;-116.74 ;3612.91
-0.00 ;-0.03 ;1.01 ;-32.09 ;-116.77 ;3613.93
-0.01 ;-0.03 ;1.01 ;-32.09 ;-116.81 ;3614.94
-0.01 ;-0.03 ;1.01 ;-32.10 ;-116.84 ;3615.95
-0.00 ;-0.03 ;1.01 ;-32.10 ;-116.87 ;3616.96
-0.00 ;-0.03 ;1.01 ;-32.11 ;-116.91 ;3617.97
-0.01 ;-0.03 ;1.01 ;-32.11 ;-116.94 ;3618.99
-0.01 ;-0.03 ;1.01 ;-32.12 ;-116.97 ;3620.00
-0.01 ;-0.03 ;1.01 ;-32.13 ;-117.01 ;3621.01
-0.01 ;-0.03 ;1.01 ;-32.13 ;-117.04 ;3622.02
-0.01 ;-0.03 ;1.01 ;-32.14 ;-117.07 ;3623.03
-0.01 ;-0.03 ;1.01 ;-32.14 ;-117.10 ;3624.05
-0.00 ;-0.03 ;1.01 ;-32.15 ;-117.14 ;3625.06
-0.01 ;-0.03 ;1.01 ;-32.15 ;-117.17 ;3626.07
-0.01 ;-0.03 ;1.01 ;-32.16 ;-117.20 ;3627.08
-0.01 ;-0.03 ;1.01 ;-32.16 ;-117.24 ;3628.09
-0.01 ;-0.03 ;1.01 ;-32.17 ;-117.27 ;3629.11
-0.01 ;-0.03 ;1.01 ;-32.18 ;-117.30 ;3630.12
-0.01 ;-0.03 ;1.01 ;-32.18 ;-117.33 ;3631.13
-0.01 ;-0.03 ;1.01 ;-32.19 ;-117.37 ;3632.14
-0.01 ;-0.03 ;1.01 ;-32.19 ;-117.40 ;3633.15
-0.01 ;-0.03 ;1.01 ;-32.20 ;-117.43 ;3634.16
-0.00 ;-0.03 ;1.01 ;-32.20 ;-117.47 ;3635.18
-0.00 ;-0.03 ;1.01 ;-32.21 ;-117.50 ;3636.19
-0.01 ;-0.03 ;1.01 ;-32.22 ;-117.53 ;3637.20
-0.01 ;-0.03 ;1.01 ;-32.22 ;-117.57 ;3638.21
-0.01 ;-0.03 ;1.01 ;-32.23 ;-117.60 ;3639.22
-0.01 ;-0.03 ;1.01 ;-32.23 ;-117.63 ;3640.24
-0.01 ;-0.03 ;1.01 ;-32.24 ;-117.67 ;3641.25
-0.01 ;-0.03 ;1.01 ;-32.25 ;-117.70 ;3642.26
-0.01 ;-0.03 ;1.01 ;-32.25 ;-117.73 ;3643.27
-0.00 ;-0.03 ;1.01 ;-32.26 ;-117.76 ;3644.28
-0.01 ;-0.03 ;1.01 ;-32.26 ;-117.80 ;3645.30
-0.01 ;-0.03 ;1.01 ;-32.27 ;-117.83 ;3646.31
-0.01 ;-0.03 ;1.01 ;-32.27 ;-117.86 ;3647.32
-0.01 ;-0.03 ;1.01 ;-32.28 ;-117.90 ;3648.33
-0.01 ;-0.03 ;1.01 ;-32.28 ;-117.93 ;3649.34
-0.01 ;-0.03 ;1.01 ;-32.29 ;-117.96 ;3650.35
-0.01 ;-0.03 ;1.01 ;-32.30 ;-118.00 ;3651.37
-0.01 ;-0.03 ;1.01 ;-32.30 ;-118.03 ;3652.38
-0.01 ;-0.03 ;1.01 ;-32.31 ;-118.06 ;3653.39
-0.01 ;-0.03 ;1.01 ;-32.31 ;-118.09 ;3654.40
-0.00 ;-0.03 ;1.01 ;-32.32 ;-118.13 ;3655.41
-0.01 ;-0.03 ;1.01 ;-32.32 ;-118.16 ;3656.42
-0.01 ;-0.03 ;1.01 ;-32.33 ;-118.20 ;3657.44
-0.01 ;-0.03 ;1.01 ;-32.33 ;-118.23 ;3658.45
-0.01 ;-0.03 ;1.01 ;-32.34 ;-118.26 ;3659.46
-0.01 ;-0.03 ;1.01 ;-32.34 ;-118.29 ;3660.47
-0.01 ;-0.03 ;1.01 ;-32.35 ;-118.33 ;3661.48
-0.01 ;-0.03 ;1.01 ;-32.36 ;-118.36 ;3662.50
-0.01 ;-0.03 ;1.01 ;-32.36 ;-118.39 ;3663.51
-0.01 ;-0.03 ;1.01 ;-32.37 ;-118.42 ;3664.52
-0.01 ;-0.03 ;1.01 ;-32.37 ;-118.46 ;3665.53
-0.01 ;-0.03 ;1.01 ;-32.38 ;-118.49 ;3666.54
-0.00 ;-0.03 ;1.01 ;-32.38 ;-118.53 ;3667.56
-0.01 ;-0.03 ;1.01 ;-32.39 ;-118.56 ;3668.57
-0.01 ;-0.03 ;1.01 ;-32.39 ;-118.59 ;3669.58
-0.01 ;-0.03 ;1.01 ;-32.40 ;-118.62 ;3670.59
-0.01 ;-0.03 ;1.01 ;-32.40 ;-118.66 ;3671.60
-0.01 ;-0.03 ;1.01 ;-32.41 ;-118.69 ;3672.62
-0.01 ;-0.03 ;1.01 ;-32.42 ;-118.72 ;3673.63
-0.01 ;-0.03 ;1.01 ;-32.42 ;-118.76 ;3674.64
-0.01 ;-0.03 ;1.01 ;-32.43 ;-118.79 ;3675.65
-0.01 ;-0.03 ;1.01 ;-32.43 ;-118.82 ;3676.66
-0.01 ;-0.03 ;1.01 ;-32.44 ;-118.86 ;3677.67
-0.01 ;-0.03 ;1.01 ;-32.44 ;-118.89 ;3678.69
-0.01 ;-0.03 ;1.01 ;-32.45 ;-118.92 ;3679.70
-0.01 ;-0.03 ;1.01 ;-32.46 ;-118.96 ;3680.71
-0.01 ;-0.03 ;1.01 ;-32.46 ;-118.99 ;3681.72
-0.01 ;-0.03 ;1.01 ;-32.47 ;-119.02 ;3682.73
-0.01 ;-0.03 ;1.01 ;-32.47 ;-119.05 ;3683.74
-0.00 ;-0.03 ;1.01 ;-32.48 ;-119.09 ;3684.76
-0.01 ;-0.03 ;1.01 ;-32.48 ;-119.12 ;3685.77
-0.01 ;-0.03 ;1.01 ;-32.49 ;-119.15 ;3686.78
-0.01 ;-0.03 ;1.01 ;-32.50 ;-119.19 ;3687.79
-0.01 ;-0.03 ;1.01 ;-32.50 ;-119.22 ;3688.80
-0.01 ;-0.03 ;1.01 ;-32.51 ;-119.25 ;3689.81
-0.01 ;-0.03 ;1.01 ;-32.51 ;-119.28 ;3690.82
-0.01 ;-0.03 ;1.01 ;-32.52 ;-119.32 ;3691.84
-0.01 ;-0.03 ;1.01 ;-32.53 ;-119.35 ;3692.85
-0.00 ;-0.03 ;1.01 ;-32.53 ;-119.38 ;3693.86
-0.00 ;-0.03 ;1.01 ;-32.54 ;-119.42 ;3694.87
-0.01 ;-0.03 ;1.01 ;-32.54 ;-119.45 ;3695.88
-0.01 ;-0.03 ;1.01 ;-32.55 ;-119.49 ;3696.90
-0.01 ;-0.03 ;1.01 ;-32.55 ;-119.52 ;3697.91
-0.01 ;-0.03 ;1.01 ;-32.56 ;-119.55 ;3698.92
-0.00 ;-0.03 ;1.01 ;-32.56 ;-119.58 ;3699.93
-0.00 ;-0.03 ;1.01 ;-32.57 ;-119.62 ;3700.95
-0.01 ;-0.03 ;1.01 ;-32.57 ;-119.65 ;3701.96
-0.01 ;-0.03 ;1.01 ;-32.58 ;-119.68 ;3702.97
-0.01 ;-0.03 ;1.01 ;-32.58 ;-119.72 ;3703.98
-0.00 ;-0.03 ;1.01 ;-32.59 ;-119.75 ;3704.99
-0.01 ;-0.03 ;1.01 ;-32.59 ;-119.78 ;3706.01
-0.01 ;-0.03 ;1.01 ;-32.60 ;-119.82 ;3707.02
-0.01 ;-0.03 ;1.01 ;-32.61 ;-119.85 ;3708.03
-0.01 ;-0.03 ;1.01 ;-32.61 ;-119.88 ;3709.04
-0.01 ;-0.03 ;1.01 ;-32.62 ;-119.91 ;3710.05
-0.01 ;-0.03 ;1.01 ;-32.62 ;-119.95 ;3711.06
-0.01 ;-0.03 ;1.01 ;-32.63 ;-119.98 ;3712.08
-0.01 ;-0.03 ;1.01 ;-32.64 ;-120.01 ;3713.09
-0.01 ;-0.03 ;1.01 ;-32.64 ;-120.05 ;3714.10
-0.01 ;-0.03 ;1.01 ;-32.65 ;-120.08 ;3715.11
-0.01 ;-0.03 ;1.01 ;-32.65 ;-120.11 ;3716.12
-0.01 ;-0.03 ;1.01 ;-32.66 ;-120.14 ;3717.13
-0.01 ;-0.03 ;1.01 ;-32.66 ;-120.18 ;3718.15
-0.01 ;-0.03 ;1.01 ;-32.67 ;-120.21 ;3719.16
-0.00 ;-0.03 ;1.01 ;-32.67 ;-120.24 ;3720.17
-0.00 ;-0.03 ;1.01 ;-32.68 ;-120.28 ;3721.18
-0.01 ;-0.03 ;1.01 ;-32.69 ;-120.31 ;3722.19
-0.01 ;-0.03 ;1.01 ;-32.69 ;-120.34 ;3723.21
-0.01 ;-0.03 ;1.01 ;-32.70 ;-120.38 ;3724.22
-0.01 ;-0.03 ;1.01 ;-32.70 ;-120.41 ;3725.23
-0.01 ;-0.03 ;1.01 ;-32.71 ;-120.44 ;3726.24
-0.01 ;-0.03 ;1.01 ;-32.71 ;-120.47 ;3727.25
-0.01 ;-0.03 ;1.01 ;-32.72 ;-120.51 ;3728.27
-0.01 ;-0.03 ;1.01 ;-32.73 ;-120.54 ;3729.28
-0.01 ;-0.03 ;1.01 ;-32.73 ;-120.57 ;3730.29
-0.01 ;-0.03 ;1.01 ;-32.74 ;-120.61 ;3731.30
-0.01 ;-0.03 ;1.01 ;-32.74 ;-120.64 ;3732.32
-0.01 ;-0.03 ;1.01 ;-32.75 ;-120.67 ;3733.33
-0.01 ;-0.03 ;1.01 ;-32.75 ;-120.71 ;3734.34
-0.01 ;-0.03 ;1.01 ;-32.76 ;-120.74 ;3735.35
-0.01 ;-0.03 ;1.01 ;-32.77 ;-120.77 ;3736.36
-0.01 ;-0.03 ;1.01 ;-32.77 ;-120.81 ;3737.37
-0.01 ;-0.03 ;1.01 ;-32.78 ;-120.84 ;3738.39
-0.00 ;-0.03 ;1.01 ;-32.78 ;-120.87 ;3739.40
-0.01 ;-0.03 ;1.01 ;-32.79 ;-120.91 ;3740.41
-0.01 ;-0.03 ;1.01 ;-32.79 ;-120.94 ;3741.43
-0.01 ;-0.03 ;1.01 ;-32.80 ;-120.97 ;3742.44
-0.01 ;-0.03 ;1.01 ;-32.80 ;-121.01 ;3743.45
-0.01 ;-0.03 ;1.01 ;-32.81 ;-121.04 ;3744.46
-0.01 ;-0.03 ;1.01 ;-32.82 ;-121.07 ;3745.47
-0.01 ;-0.03 ;1.01 ;-32.82 ;-121.10 ;3746.49
-0.01 ;-0.03 ;1.01 ;-32.83 ;-121.14 ;3747.50
-0.01 ;-0.03 ;1.01 ;-32.83 ;-121.17 ;3748.51
-0.01 ;-0.03 ;1.01 ;-32.84 ;-121.20 ;3749.53
-0.01 ;-0.03 ;1.01 ;-32.84 ;-121.24 ;3750.54
-0.01 ;-0.03 ;1.01 ;-32.85 ;-121.27 ;3751.55
-0.01 ;-0.03 ;1.01 ;-32.85 ;-121.30 ;3752.56
-0.00 ;-0.03 ;1.01 ;-32.86 ;-121.33 ;3753.58
-0.01 ;-0.03 ;1.01 ;-32.87 ;-121.37 ;3754.59
-0.01 ;-0.03 ;1.01 ;-32.87 ;-121.40 ;3755.60
-0.00 ;-0.03 ;1.01 ;-32.88 ;-121.43 ;3756.61
-0.01 ;-0.03 ;1.01 ;-32.88 ;-121.47 ;3757.63
-0.01 ;-0.03 ;1.01 ;-32.89 ;-121.50 ;3758.64
-0.01 ;-0.03 ;1.01 ;-32.89 ;-121.53 ;3759.65
-0.01 ;-0.03 ;1.01 ;-32.90 ;-121.57 ;3760.67
-0.01 ;-0.03 ;1.01 ;-32.90 ;-121.60 ;3761.68
-0.01 ;-0.03 ;1.01 ;-32.91 ;-121.63 ;3762.69
-0.01 ;-0.03 ;1.01 ;-32.92 ;-121.67 ;3763.70